cluster,examples
0,"1. Пожилому человеку, получающему поддержку фонда, требуется электрик: необходимо заменить выключатель и проверить участок проводки. После выполнения нужен краткий отчёт для куратора. Ожидаемый результат — безопасно работающий участок электросети. Формат работы: очно.

2. Пожилому человеку в небольшом населённом пункте требуется специалист по уборке: необходимо провести генеральную уборку жилого помещения. Работа согласуется с подопечным и куратором фонда. Ожидаемый результат — убранное и безопасное жилое помещение. Формат работы: очно.

3. Пожилому жителю удалённого населённого пункта требуется электрик: необходимо заменить неисправную розетку и проверить подключение. Условия и стоимость заранее подтверждаются фондом. Ожидаемый результат — безопасно работающий участок электросети. Формат работы: очно.

4. Пожилому человеку в небольшом населённом пункте требуется помощник по участку: необходимо вскопать небольшой участок огорода. Работа согласуется с подопечным и куратором фонда. Ожидаемый результат — выполненные сезонные работы на участке. Формат работы: очно.

5. Пожилому жителю удалённого населённого пункта требуется помощник по хозяйству: необходимо выполнить несколько несложных работ по дому. Условия и стоимость заранее подтверждаются фондом. Ожидаемый результат — выполненные хозяйственные работы. Формат работы: очно.

6. Фонду, работающему с подопечными с ограниченной самостоятельностью, требуется фотограф: необходимо снять мероприятие с участием подопечных. Работа проводится под контролем назначенного представителя; участие каждого человека в съёмке допускается только после согласования. Ожидаемый результат — обработанная серия фотографий. Формат работы: очно.

7. Пожилому человеку в небольшом населённом пункте требуется электрик: необходимо заменить неисправную розетку и проверить подключение. Работа согласуется с подопечным и куратором фонда. Ожидаемый результат — безопасно работающий участок электросети. Формат работы: очно.

8. Пожилому жителю удалённого населённого пункта требуется специалист по уборке: необходимо провести генеральную уборку жилого помещения. Условия и стоимость заранее подтверждаются фондом. Ожидаемый результат — убранное и безопасное жилое помещение. Формат работы: очно.

9. Подопечному фонда в регионе требуется сборщик мебели: необходимо собрать необходимую бытовую мебель. Исполнителя подбирает фонд, а условия выполнения согласуются заранее. Ожидаемый результат — собранная и безопасно установленная мебель. Формат работы: очно.

10. Пожилому человеку в небольшом населённом пункте требуется исполнитель с грузовым транспортом: необходимо перевезти мебель и бытовые вещи. Работа согласуется с подопечным и куратором фонда. Ожидаемый результат — доставленные без повреждений вещи. Формат работы: очно.

11. Подопечному фонда в регионе требуется местный поставщик дров: необходимо организовать поставку дров в небольшой населённый пункт. Исполнителя подбирает фонд, а условия выполнения согласуются заранее. Ожидаемый результат — доставленные к дому дрова. Формат работы: очно.

12. Пожилому жителю удалённого населённого пункта требуется мастер по ремонту печей: необходимо провести диагностику печи и устранить неисправность. Условия и стоимость заранее подтверждаются фондом. Ожидаемый результат — исправная и безопасно работающая печь. Формат работы: очно.

13. Фонду, помогающему пожилым людям в небольших населённых пунктах, требуется фотограф: необходимо провести фотосъёмку работы фонда в нескольких населённых пунктах. Съёмка согласуется с участниками и куратором фонда; публикация изображений возможна только при наличии согласия. Ожидаемый результат — обработанная серия фотографий. Формат работы: очно.

14. Пожилому человеку в небольшом населённом пункте требуется выездной парикмахер: необходимо сделать аккуратную стрижку с учётом пожеланий подопечного. Работа согласуется с подопечным и куратором фонда. Ожидаемый результат — индивидуально выполненная стрижка. Формат работы: очно.

15. Пожилому человеку в небольшом населённом пункте требуется мастер по ремонту печей: необходимо провести диагностику печи и устранить неисправность. Работа согласуется с подопечным и куратором фонда. Ожидаемый результат — исправная и безопасно работающая печь. Формат работы: очно.

16. Подопечному фонда вдали от областного центра требуется мастер по адаптации жилого пространства: необходимо установить поручни в согласованных местах. Фонд заранее согласует исполнителя, дату и объём работ. Ожидаемый результат — более безопасное и доступное жилое пространство. Формат работы: очно.

17. Подопечному фонда в регионе требуется электрик: необходимо заменить выключатель и проверить участок проводки. Исполнителя подбирает фонд, а условия выполнения согласуются заранее. Ожидаемый результат — безопасно работающий участок электросети. Формат работы: очно.

18. Пожилому жителю удалённого населённого пункта требуется выездной парикмахер: необходимо сделать аккуратную стрижку с учётом пожеланий подопечного. Условия и стоимость заранее подтверждаются фондом. Ожидаемый результат — индивидуально выполненная стрижка. Формат работы: очно.

19. Пожилому человеку, получающему поддержку фонда, требуется помощник по хозяйству: необходимо помочь привести в порядок хозяйственные принадлежности. После выполнения нужен краткий отчёт для куратора. Ожидаемый результат — выполненные хозяйственные работы. Формат работы: очно.

20. Подопечному фонда с ограниченной самостоятельностью требуется специалист по уборке: необходимо выполнить сезонную глубокую уборку дома. Работа проводится под контролем назначенного представителя. Ожидаемый результат — убранное и безопасное жилое помещение. Формат работы: очно."
1,"1. Некоммерческой организации требуется специалист по юридическим вопросам. Задача — Пожилой человек в тяжелом состоянии не получает медицинскую помощь, несмотря на вызов скорой. Скорая отказывает, ссылаясь на отсутствие оснований. Также подопечный с деменцией не может получить статус инвалидности, несмотря на наличие доверенности. Помогите разобраться в правовых механизмах, которые позволят быстро получить помощь в обоих случаях. Ожидаемый результат — подготовленный юридический документ. Формат работы: дистанционно.

2. Некоммерческой организации требуется специалист по юридическим вопросам. Задача — Помогите проверить и отредактировать договоры с компаниями, участвующими в благотворительном мероприятии, а также подготовить рекомендации по защите прав пациентов в случае, если назначения выданы не по месту жительства. Формат: письменный ответ. Ожидаемый результат — подготовленный юридический документ. Формат работы: дистанционно.

3. Некоммерческой организации требуется специалист по юридическим вопросам. Задача — консультация по компенсации расходов на проезд при получении медицинской помощи и по критериям участия НКО в программе субсидирования за счет бизнеса. Ответ должен быть письменным и содержать анализ правомерности действий страховой компании и критерии участия в программе. Ожидаемый результат — подготовленный юридический документ. Формат работы: дистанционно.

4. Некоммерческой организации требуется специалист по юридическим вопросам. Задача — Помощь в переходе опекунства от одного родственника к другому и поиск временного решения по уходу за недееспособным в случае болезни уходчика. Ожидаемый результат — подготовленный юридический документ. Формат работы: дистанционно.

5. Некоммерческой организации требуется специалист по юридическим вопросам. Задача — письменная консультация по вопросам включения необходимых средств реабилитации в ИПРА, а также по вопросам доказательства причинно-следственной связи между нервным потрясением и заболеванием. Подопечная пережила сильное нервное потрясение, которое, по её мнению, могло спровоцировать заболевание. Также необходимо разъяснить, как добиться включения компрессионного рукава и бюстгатера в ИПРА, несмотря на отрицательное заключение врача МСЭ. Ожидаемый результат — подготовленный юридический документ. Формат работы: дистанционно.

6. Некоммерческой организации требуется специалист по юридическим вопросам. Задача — составить и проверить договор на оказание услуг с самозанятым специалистом, чтобы обеспечить легальность оплаты с расчетного счета организации и привлечь дополнительные финансовые ресурсы. Договор должен соответствовать действующему законодательству и быть понятным для обеих сторон. Ожидаемый результат — подготовленный юридический документ. Формат работы: дистанционно.

7. Некоммерческой организации требуется специалист по юридическим вопросам. Задача — Фонд проводит онлайн-курсы для специалистов и собирает данные участников (ФИО, контактные данные, место работы). Для этого необходимо создать пользовательское соглашение и форму согласия на обработку персональных данных. Важно учесть, что данные будут использоваться для связи с участниками и отправки им материалов. Система регистрации отсутствует, данные передаются только для внутреннего использования. Ожидаемый результат — подготовленный юридический документ. Формат работы: дистанционно.

8. Некоммерческой организации требуется специалист по юридическим вопросам. Задача — Помогите разобраться с правомерностью отказа в выдаче социальной карты из-за временной регистрации и проконсультируйте по жилищным вопросам для выпускника детского дома. Подопечные находятся в группе риска, и своевременная юридическая поддержка поможет избежать социального неблагополучия. Ожидаемый результат — подготовленный юридический документ. Формат работы: дистанционно.

9. Некоммерческой организации требуется специалист по юридическим вопросам. Задача — подготовить договор на оказание услуг с ИП-специалистом и дополнительное соглашение к нему. Договор должен предусматривать возможность внесения изменений в процессе выполнения работ. Сроки не определены. Также требуется консультация по выбору оптимальной формы договора. Ожидаемый результат — подготовленный юридический документ. Формат работы: дистанционно.

10. Некоммерческой организации требуется специалист по юридическим вопросам. Задача — Необходима консультация по вопросам включения логотипа в устав организации и защите прав на персонажа, слоган и изображение. Требуется анализ действующего устава и нормативной базы, а также рекомендации по защите интеллектуальной собственности. Ответ должен быть письменным. Ожидаемый результат — подготовленный юридический документ. Формат работы: дистанционно.

11. Некоммерческой организации требуется специалист по юридическим вопросам. Задача — Проверьте договор с организацией по реализации продукции и помогите адаптировать его под условия НКО, которая не может вести коммерческую деятельность. Ситуация: договор содержит формулировки, которые противоречат уставным целям организации. Нужно найти способ сотрудничества, не нарушая устава. Ожидаемый результат — подготовленный юридический документ. Формат работы: дистанционно.

12. Некоммерческой организации требуется специалист по юридическим вопросам. Задача — помощь в получении письменного юридического ответа на вопросы, связанные с правами онкопациентов, включая вопросы по инвалидности и пенсионным выплатам. Ответ должен быть понятен и полезен для подопечных. Ожидаемый результат — подготовленный юридический документ. Формат работы: дистанционно.

13. Некоммерческой организации требуется специалист по юридическим вопросам. Задача — Необходима помощь в составлении договора с партнёром по адаптации онлайн-курса и подготовке юридической документации для нового сайта. Договор должен учитывать особенности размещения материала на двух платформах, а документы сайта должны соответствовать требованиям законодательства. Это поможет обеспечить защиту прав на адаптированный контент и привлечь больше пользователей. Ожидаемый результат — подготовленный юридический документ. Формат работы: дистанционно.

14. Некоммерческой организации требуется специалист по юридическим вопросам. Задача — юридическая консультация по вопросам онкологического лечения и помощь в разработке стратегии взаимодействия с экспертными советами. Это поможет подопечным и повысит эффективность работы фонда. Ожидаемый результат — подготовленный юридический документ. Формат работы: дистанционно.

15. Некоммерческой организации требуется специалист по юридическим вопросам. Задача — Онкопациент находится на больничном, работодатель не платит пенсионные начисления, а также наложено списание части пенсии из-за кредитного долга. Нужно определить законность действий работодателя и кредитора, а также дать рекомендации по защите прав подопечного. Ответ должен быть письменным. Ожидаемый результат — подготовленный юридический документ. Формат работы: дистанционно.

16. Некоммерческой организации требуется специалист по юридическим вопросам. Задача — консультация по корпоративным вопросам: какую ответственность несет директор АНО при нарушении учредителем условий доверенности, а также информация о возможных рисках при передаче НКО другому руководителю и переименовании организации. Ответ должен быть письменным, желательно с возможностью созвона. Ожидаемый результат — подготовленный юридический документ. Формат работы: дистанционно.

17. Некоммерческой организации требуется специалист по юридическим вопросам. Задача — получить юридическое заключение по возможности оказания услуг по отлову животных вне госконтрактов и составить публичную оферту для сбора пожертвований. Оба задания связаны с обеспечением законности деятельности НКО и защитой прав подопечных. Ожидаемый результат — подготовленный юридический документ. Формат работы: дистанционно.

18. Некоммерческой организации требуется специалист по юридическим вопросам. Задача — юридическая консультация по вопросам выдачи призов участникам экопроекта и процедуре внесения новых учредителей в фонд. Важно оценить юридические риски и дать рекомендации по оформлению документов. Ожидаемый результат — подготовленный юридический документ. Формат работы: дистанционно.

19. Некоммерческой организации требуется специалист по юридическим вопросам. Задача — Фонд оказывает помощь детям-сиротам, которые переезжают в другие регионы для получения образования. Возникли вопросы по предоставлению льгот на ЖКХ для инвалидов и праву на временное жилье. Необходима консультация по актуальным законодательным актам, которые регулируют эти вопросы, а также рекомендации по защите прав подопечных в разных субъектах РФ. Важно получить информацию, которая поможет системно решать подобные ситуации и избежать нарушений. Ожидаемый результат — подготовленный юридический документ. Формат работы: дистанционно.

20. Некоммерческой организации требуется специалист по юридическим вопросам. Задача — Подготовить пакет документов для установки ящиков пожертвований и создать пользовательское соглашение для сайта. Документы должны быть составлены с нуля и соответствовать требованиям законодательства. Соглашение должно регулировать отношения с пользователями сайта благотворительного фонда. Ожидаемый результат — подготовленный юридический документ. Формат работы: дистанционно."
2,"1. Некоммерческой организации требуется специалист по маркетингу и коммуникациям. Задача — расшифровать две аудиозаписи интервью, каждая из которых длится около 25 минут. В работе требуется исключить вводную и заключительную части. Результаты помогут в продвижении миссии по популяризации женщин в науке. В качестве благодарности волонтер получит благодарственное письмо. Ожидаемый результат — план маркетинговых коммуникаций. Формат работы: дистанционно.

2. Некоммерческой организации требуется специалист по подготовке и редактированию текстов. Задача — расшифровать аудиозапись видеоурока и интервью. Оба задания связаны с обработкой аудио- и видеоматериалов, что поможет в дальнейшем использовать информацию для образовательных и информационных целей. Необходимо точно передать содержание и оформить результат в виде текстовых документов. Ожидаемый результат — готовый текст. Формат работы: дистанционно.

3. Некоммерческой организации требуется специалист по подготовке и редактированию текстов. Задача — выполнить транскрибацию видеоматериалов, включая видеопрезентации и аудиозаписи прямых эфиров, с последующим рерайтом текста. Материалы связаны с медицинской тематикой и образовательными курсами. Требуется опыт в транскрибации и работа с медицинскими терминами. Ожидаемый результат — готовый текст. Формат работы: дистанционно.

4. Некоммерческой организации требуется специалист по подготовке и редактированию текстов. Задача — смонтировать видеоролик из интервью и создать обучающее видео экрана. Первый ролик будет использоваться для продвижения, второй — для обучения партнеров. Оба задания требуют внимательного подхода к редактированию и точного следования инструкциям. Ожидаемый результат — отредактированный текст. Формат работы: дистанционно.

5. Некоммерческой организации требуется специалист по подготовке и редактированию текстов. Задача — выполнить точную транскрипцию и литературную редактуру аудио- или видеоматериала, связанного с культурной или научной тематикой. Материал содержит прямую речь, которую необходимо отредактировать, убрав лишние слова и сохранив смысл. В случае указания имени участницы, она должна быть включена в текст. Результат будет использоваться для публикации на сайте, чтобы сделать информацию доступной для более широкой аудитории. Ожидаемый результат — готовый текст. Формат работы: дистанционно.

6. Некоммерческой организации требуется специалист по подготовке и редактированию текстов. Задача — расшифровать аудио/видео материалы, связанные с образовательными и культурными темами. Задача включает в себя точную транскрибацию и редактуру текста, чтобы он соответствовал литературным нормам. Результат будет использоваться для публикации на сайте и популяризации мнений экспертов. Дополнительно предоставляется благодарность или бонус в виде доступа к культурным мероприятиям. Ожидаемый результат — готовый текст. Формат работы: дистанционно.

7. Некоммерческой организации требуется специалист по подготовке и редактированию текстов. Задача — выполнить транскрипцию аудиозаписи интервью с человеком, пережившим трудную жизненную ситуацию, и провести корректорскую вычитку полученного текста. Результат должен быть готов к публикации в социальных сетях организации. Требуется точность в передаче речи и знание правил русского языка. Работа поможет привлечь внимание к реальным историям и мифам, связанным с проблемой. Завершение. Ожидаемый результат — вычитанный текст. Формат работы: дистанционно.

8. Некоммерческой организации требуется специалист по подготовке и редактированию текстов. Задача — Подведение итогов онлайн-мероприятия и транскрибация аудиозаписи. Необходимо обработать результаты и подготовить текстовую расшифровку лекции. Результаты помогут повысить вовлеченность участников и поддержать образовательные цели. Ожидаемый результат — готовый текст. Формат работы: дистанционно.

9. Некоммерческой организации требуется специалист по подготовке и редактированию текстов. Задача — Расшифровка аудио и интервью для дальнейшего использования в образовательных материалах. Задача включает транскрипцию и, при необходимости, рерайт. Работа ведётся дистанционно. Ожидаемый результат — отредактированный текст. Формат работы: дистанционно.

10. Некоммерческой организации требуется специалист по подготовке и редактированию текстов. Задача — Необходима помощь в расшифровке двух аудиофрагментов: 9-минутного вебинара по теме социализации животных и 17-минутной экскурсии по выставке. В первом случае требуется точная транскрипция, во втором — редактура прямой речи в литературный стиль. Материалы помогут в работе с усыновителями и экскурсоводами. В качестве бонуса — бесплатные проходы на выставку. Ожидаемый результат — отредактированный текст. Формат работы: дистанционно.

11. Некоммерческой организации требуется специалист по IT и цифровым решениям. Задача — помощь с расшифровкой аудиозаписей образовательного контента. Объём: от 30 до 80 минут. Необходимо выполнить транскрибацию слово в слово или максимально близко к оригиналу, с возможностью рерайта. Работа выполняется онлайн. Ожидаемый результат — работающее программное решение. Формат работы: дистанционно.

12. Некоммерческой организации требуется специалист по подготовке и редактированию текстов. Задача — расшифровать аудиозапись интервью или экскурсии. Задача включает транскрибацию аудио в текст, без необходимости дополнительного анализа. Результат будет использоваться для внутреннего обучения или популяризации деятельности. Время выполнения — около 30 минут. Дополнительно предоставляется бонус в виде благодарности или доступа к мероприятию. Ожидаемый результат — готовый текст. Формат работы: дистанционно.

13. Некоммерческой организации требуется специалист по аналитике и исследованиям. Задача — расшифровать два аудиоинтервью, каждое из которых длится около 40 минут. Необходимо исключить вводную и заключительную части, оставить только вопросы и ответы. Задача поможет в продвижении идей, связанных с популяризацией женщин в науке. В качестве благодарности предлагается благодарственное письмо. Ожидаемый результат — аналитический отчёт. Формат работы: дистанционно.

14. Некоммерческой организации требуется специалист по аналитике и исследованиям. Задача — расшифровать интервью научной тематики. Объём: от 30 до 50 минут. Необходимо начать с вопросов, без вводной и заключительной частей. Работа выполняется онлайн. Ожидаемый результат — аналитический отчёт. Формат работы: дистанционно.

15. Некоммерческой организации требуется специалист по маркетингу и коммуникациям. Задача — Помогите расшифровать два аудиоинтервью, одно из которых длится 25 минут, а второе — 33 минуты. Важно сохранить точность и использовать имя Марина Сидоренко в первом случае. Оба материала помогут в продвижении идей, связанных с поддержкой женщин в науке. В качестве благодарности — благодарственные письма. Ожидаемый результат — план маркетинговых коммуникаций. Формат работы: дистанционно.

16. Некоммерческой организации требуется специалист по подготовке и редактированию текстов. Задача — Расшифровать интервью и аудио, начиная с вопросов, без вводной и заключительной частей. Результат должен быть редактирован и сохранен в текстовом виде. Время материала: минут. Важно сохранить смысл, несмотря на возможные звуковые помехи. Ожидаемый результат — готовый текст. Формат работы: дистанционно.

17. Некоммерческой организации требуется специалист по подготовке и редактированию текстов. Задача — расшифровать два аудио- или видеоматериала: интервью и урок. Один из них длится 39 минут, другой — 25 минут. В результате должны быть предоставлены чистые тексты, без лишних вводных частей. Это поможет в дальнейшей обработке информации и популяризации проекта. Ожидаемый результат — готовый текст. Формат работы: дистанционно.

18. Некоммерческой организации требуется специалист по подготовке и редактированию текстов. Задача — Помогите расшифровать интервью с представителями фонда. Необходимо выполнить транскрибацию аудиозаписей, а затем отредактировать текст так, чтобы он был максимально близок к оригиналу. Интервью в формате m4a, длительность одного интервью — до 60 минут. Результаты будут использоваться для создания материалов в соцсетях и СМИ. Задание можно выполнять удаленно. В качестве благодарности возможны благодарственные письма или упоминание в соцсетях. Ожидаемый результат — готовый текст. Формат работы: дистанционно.

19. Некоммерческой организации требуется специалист по подготовке и редактированию текстов. Задача — Расшифровать два интервью с женщинами, участвующими в научных инициативах. Требуется текст без вводной и заключительной частей, с указанием имен участников. Результат поможет популяризировать роль женщин в науке. Ожидаемый результат — готовый текст. Формат работы: дистанционно.

20. Некоммерческой организации требуется специалист по подготовке и редактированию текстов. Задача — помощь в редактировании текста статьи и расшифровке аудиозаписей интервью. Оба задания направлены на улучшение коммуникации и сбор информации для дальнейшей работы с подопечными. Объём текста: 3 страницы А4. Общий аудиоматериал: минут. Работа ведётся онлайн. Важно сохранить точность и профессиональный стиль. Дополнительно: благодарности и упоминание волонтёра. Ожидаемый результат — готовый текст. Формат работы: дистанционно."
3,"1. Некоммерческой организации требуется специалист по IT и цифровым решениям. Задача — создать программу обучения детей с ОВЗ правильной постановке руки и письму, а также разработать электронный ресурс по финансовой грамотности для той же целевой группы. Оба формата должны быть доступными и включать интерактивные элементы. Важно учесть особенности восприятия и обучаемости детей с ОВЗ. Ожидается методическая разработка и электронный контент. Ожидаемый результат — работающее программное решение. Формат работы: дистанционно.

2. Некоммерческой организации требуется специалист по IT и цифровым решениям. Задача — создать сайт на платформе Tilda с возможностью сбора пожертвований, а также добавить раздел с кейсами. Сайт должен быть удобным и информативным для пользователей, чтобы повысить прозрачность и доступность помощи. Домен и хостинг уже доступны. Ожидаемый результат — готовый сайт. Формат работы: дистанционно.

3. Некоммерческой организации требуется специалист по IT и цифровым решениям. Задача — Настройка и оптимизация веб-платформы и почтовой системы. Требуется настроить визуал и процессы на LMS-платформе, а также подтвердить домен почты на Яндексе для автоматизации внутренних коммуникаций. Задача направлена на улучшение пользовательского опыта и структурирования работы. Ожидаемый результат — готовый сайт. Формат работы: дистанционно.

4. Некоммерческой организации требуется специалист по IT и цифровым решениям. Задача — Настройка интерфейса пожертвований на сайте НКО. Требуется интеграция платежной системы CloudPayments на платформу Tilda/WP, а также настройка автоматических благодарственных писем после оплаты. Платформа сайта: Tilda/WP. Платежная система: CloudPayments. Требуется текст благодарности. Письмо должно содержать информацию о том, как пожертвования используются. Ожидаемый результат — готовый сайт. Формат работы: дистанционно.

5. Некоммерческой организации требуется специалист по IT и цифровым решениям. Задача — изменить шрифт на нескольких сайтах фонда и создать лендинг для благотворительной акции. Все сайты находятся на платформе Тильда. Важно сохранить текущую верстку при смене шрифта. Также требуется разработать лендинг с готовым дизайном, который будет использоваться для сбора пожертвований. Как это поможет: Улучшение пользовательского опыта и повышение эффективности сбора средств. Дополнительно: Возможен бонус в виде благодарственного письма. Ожидаемый результат — готовый сайт. Формат работы: дистанционно.

6. Некоммерческой организации требуется специалист по IT и цифровым решениям. Задача — Провести комплексный аудит сайта, включая тестирование функционала и верстки для десктопа и мобильных устройств, а также SEO-оптимизацию для повышения видимости в поисковиках. Сайт содержит карту и форму оплаты. Необходимо проверить корректность отображения и работу всех элементов, а также оптимизировать контент под ключевые слова. Результатом должно быть подробное описание найденных проблем и рекомендации по их устранению. Ожидаемый результат — отчёт об аудите сайта. Формат работы: дистанционно.

7. Некоммерческой организации требуется специалист по IT и цифровым решениям. Задача — Настройка платежной системы на сайте с возможностью пожертвований от физических лиц. Требуется подключить несколько платежных систем, включая CloudPayments и QR-код. Необходимо создать текст для страницы пожертвований и настроить автоматическое благодарственное письмо после оплаты. Платформа сайта: Tilda или InSales. Ожидаемый результат — готовый сайт. Формат работы: дистанционно.

8. Некоммерческой организации требуется специалист по IT и цифровым решениям. Задача — ментор с опытом разработки программ и стратегического развития НКО для помощи в структурировании идей и выстраивании плана реализации. Важно определить приоритетные направления, такие как инклюзивный спорт, трудоустройство и психологическая поддержка, и создать системный подход к помощи подопечным. Необходимо также найти новые сегменты для расширения деятельности фонда. Результат должен быть согласован с местными властями и позволять ускорить достижение целей. Ожидаемый результат — работающее программное решение. Формат работы: дистанционно.

9. Некоммерческой организации требуется специалист по IT и цифровым решениям. Задача — Провести комплексный аудит сайта, включая тестирование функционала, удобства интерфейса и верстки. Отчет должен содержать рекомендации по улучшению пользовательского опыта и работоспособности сайта. Это поможет организации привлекать больше внимания к своей деятельности и подопечным. Ожидаемый результат — отчёт об аудите сайта. Формат работы: дистанционно.

10. Некоммерческой организации требуется специалист по IT и цифровым решениям. Задача — Организация столкнулась с проблемой устаревшего сайта, размещённого на поддомене, не принадлежащем юридическому лицу. Хостинг также оформлен на физическое лицо. Необходимо перейти на новую платформу с отечественным хостингом и новым доменом, оформленным на юридическое лицо. Важно сохранить трафик с старого сайта и обеспечить его переход на новый. Требуется консультация по выбору отечественной CMS и настройке переадресации. Ожидаемый результат — готовый сайт. Формат работы: дистанционно.

11. Некоммерческой организации требуется специалист по IT и цифровым решениям. Задача — Помогите обновить сайт благотворительного проекта, добавив участников и исправив структуру контента. Также требуется добавить страницу Команда и видеоотзывы. Сайт на WordPress. Ожидаемый результат — готовый сайт. Формат работы: дистанционно.

12. Некоммерческой организации требуется специалист по IT и цифровым решениям. Задача — провести полную очистку и переустановку операционной системы на рабочем компьютере фонда, а также перенести данные сайта в новую учетную запись на хостинг-провайдере. Важно сохранить все данные без потерь и настроить систему для дальнейшей работы. Ожидается, что компьютер будет готов к использованию, а сайт — доступен в новом ЛК. Поддержка в процессе переноса обязательна. Ожидаемый результат — готовый сайт. Формат работы: дистанционно.

13. Некоммерческой организации требуется специалист по IT и цифровым решениям. Задача — создать лендинг для акции и разработать веб-сервис для управления задачами. Лендинг должен быть на Tilda с живыми историями и простым путь к действию. Веб-сервис — на основе готового макета, с акцентом на юзабилити и адаптивность. Оба проекта помогут увеличить конверсию и эффективность мероприятий. Ожидаемый результат — готовый сайт. Формат работы: дистанционно.

14. Некоммерческой организации требуется специалист по IT и цифровым решениям. Задача — помощь в улучшении онлайн-присутствия организации. Планируется провести SEO-аудит текущего сайта и подготовить техническое задание для нового сайта. Важно определить целевую аудиторию, цели и задачи, а также дать рекомендации по улучшению индексации и привлечению доноров. Ожидаемый результат — отчёт об аудите сайта. Формат работы: дистанционно.

15. Некоммерческой организации требуется специалист по IT и цифровым решениям. Задача — Провести аудит сайта и предложить SEO-оптимизацию. Сайт уже содержит аналитику, но его позиции в поисковой выдаче требуют улучшения. Необходимо оценить текущее состояние сайта, выявить проблемы и дать рекомендации по улучшению видимости в поисковиках. Ожидаемый результат — отчёт об аудите сайта. Формат работы: дистанционно.

16. Некоммерческой организации требуется специалист по IT и цифровым решениям. Задача — Фонд разрабатывает сайт для управления волонтерскими поездками и хочет добавить краткое описание деятельности фонда на главной странице. Требуется создать текст для сайта и интегрировать его в админку, где будет отображаться информация о предстоящих поездках. Также необходима функциональная часть для регистрации волонтеров и управления поездками. Требуется разработка интерфейса и синхронизация с базой данных. Ожидаемый результат — готовый сайт. Формат работы: дистанционно.

17. Некоммерческой организации требуется специалист по IT и цифровым решениям. Задача — Создание подробной инструкции по оформлению волонтеров, включая иностранных граждан, для работы с детьми. Требуется разработать должностную инструкцию для координатора программы трудоустройства и пошаговую инструкцию по приему и оформлению волонтеров. Ожидаемый результат — работающее программное решение. Формат работы: дистанционно.

18. Некоммерческой организации требуется специалист по IT и цифровым решениям. Задача — создать корпоративную почту и обновить структуру сайта фонда. Это повысит профессиональный имидж и обеспечит надежную коммуникацию. Требуется опыт в настройке почты и работе с WordPress. Ожидаемый результат — готовый сайт. Формат работы: дистанционно.

19. Некоммерческой организации требуется специалист по IT и цифровым решениям. Задача — Разработать Telegram-бота для ежедневных отчетов по уходу за подопечными и настроить его сценарии на сайте. Бот должен позволять родственникам выбирать подопечного и получать отчеты с фото. Интеграция с системой управления обязательна. Это поможет повысить доверие к организации и оперативно обрабатывать обращения. Ожидаемый результат — работающее программное решение. Формат работы: дистанционно.

20. Некоммерческой организации требуется специалист по IT и цифровым решениям. Задача — создать одностраничный лендинг новогодней акции и сайт-визитку фонда, ориентированные на сбор пожертвований. Оба проекта должны быть адаптированы под мобильные устройства и включать элементы, мотивирующие пользователей на участие. Визуальная концепция лендинга может включать символику праздника, а сайт фонда — меню с разделами о деятельности и возможностью пожертвований. Ожидаемый результат — готовый сайт. Формат работы: дистанционно."
4,"1. Некоммерческой организации требуется специалист по подготовке и редактированию текстов. Задача — Проверить текст статьи на грамматические и пунктуационные ошибки, а также на соответствие нормам русского языка. Ожидаемый результат — вычитанный текст. Формат работы: дистанционно.

2. Некоммерческой организации требуется специалист по подготовке и редактированию текстов. Задача — Проверить сборник статей на грамматические и пунктуационные ошибки. Объем текста: 32 страницы А4. Текст будет направлен исполнителю. Работа направлена на поддержку проекта, расширение аудитории. Возможна благодарность исполнителю. Ожидаемый результат — вычитанный текст. Формат работы: дистанционно.

3. Некоммерческой организации требуется специалист по подготовке и редактированию текстов. Задача — проверить и отредактировать текст объемом от 9 до 11 страниц А4. Задача — устранить грамматические и пунктуационные ошибки, а также улучшить структуру и ясность изложения. Текст будет направлен исполнителю. Результатом станет готовый к публикации материал, который поможет расширить охват целевой аудитории. В качестве благодарности исполнителю может быть выдано благодарственное письмо. Ожидаемый результат — вычитанный текст. Формат работы: дистанционно.

4. Некоммерческой организации требуется специалист по подготовке и редактированию текстов. Задача — Проверка текста на грамматические и пунктуационные ошибки. Объем: 7 страниц А4. Текст направляется исполнителю. Цель: расширение аудитории подопечных. Ожидаемый результат — вычитанный текст. Формат работы: дистанционно.

5. Некоммерческой организации требуется специалист по подготовке и редактированию текстов. Задача — провести корректорскую работу и структурировать тексты проекта на сайте. В задачу входит проверка грамматики и пунктуации в пуш-уведомлениях и обновление текста проекта, чтобы он соответствовал актуальным данным. Результат должен быть понятен и привлекателен для пользователей. Требуется 5 отредактированных уведомлений и обновлённый текст проекта. Ожидаемый результат — готовый текст. Формат работы: дистанционно.

6. Некоммерческой организации требуется специалист по подготовке и редактированию текстов. Задача — Корректорская вычитка текстов различного объема для онлайн-публикации и расширения аудитории. Ожидаемый результат — вычитанный текст. Формат работы: дистанционно.

7. Некоммерческой организации требуется специалист по подготовке и редактированию текстов. Задача — Выполнить корректорскую вычитку статьи. Проверить текст на грамматические и пунктуационные ошибки, а также на соответствие нормам русского языка. Ожидаемый результат — вычитанный текст. Формат работы: дистанционно.

8. Некоммерческой организации требуется специалист по подготовке и редактированию текстов. Задача — Корректорская вычитка статей разного объема для повышения качества контента и привлечения аудитории. Ожидаемый результат — вычитанный текст. Формат работы: дистанционно.

9. Некоммерческой организации требуется специалист по подготовке и редактированию текстов. Задача — выполнить корректорскую вычитку сборника статей объемом 35 страниц и статьи объемом 9 страниц. Задача — повысить качество текста, устранить грамматические и пунктуационные ошибки, а также улучшить понятность. Результаты помогут НКО расширить охват аудитории и усилить коммуникацию с общественностью. Ожидаемый результат — вычитанный текст. Формат работы: дистанционно.

10. Некоммерческой организации требуется специалист по подготовке и редактированию текстов. Задача — Проверить текст на грамматические и пунктуационные ошибки, а также на соответствие нормам русского языка. Ожидаемый результат — вычитанный текст. Формат работы: дистанционно.

11. Некоммерческой организации требуется специалист по подготовке и редактированию текстов. Задача — Выполнить корректорскую вычитку текста статьи объемом от 11 до 12 страниц А4. Необходимо проверить грамматику, пунктуацию и соответствие текста нормам русского языка. Материалы будут переданы исполнителю. Результатом станет улучшение качества текста, что поможет расширить охват целевой аудитории. По желанию волонтера может быть оформлено благодарственное письмо. Ожидаемый результат — вычитанный текст. Формат работы: дистанционно.

12. Некоммерческой организации требуется специалист по подготовке и редактированию текстов. Задача — Выполнить корректорскую вычитку текста, состоящего из отдельной статьи и сборника статей. Общий объем — около 44 страниц А4. Задача включает проверку грамматических и пунктуационных ошибок, а также стилистической точности. Текст будет передан в электронном виде. Результатом станет готовый к публикации материал, способствующий привлечению внимания к деятельности подопечных. По желанию исполнителя может быть оформлено благодарственное письмо. Срок выполнения ограничен. Ожидаемый результат — вычитанный текст. Формат работы: дистанционно.

13. Некоммерческой организации требуется специалист по подготовке и редактированию текстов. Задача — Проверить текст статьи на грамматические и пунктуационные ошибки. Объем текста: 10 страниц А4. Текст будет направлен исполнителю. Работа направлена на поддержку проекта, расширение аудитории. Возможна благодарность исполнителю. Ожидаемый результат — вычитанный текст. Формат работы: дистанционно.

14. Некоммерческой организации требуется специалист по подготовке и редактированию текстов. Задача — Проверить два текстовых документа: статью и годовой отчет. В обоих случаях требуется вычитка с акцентом на грамматику, пунктуацию и стилистическую корректность. Статья — 3 страницы А4, годовой отчет — 11 страниц. Результаты помогут повысить профессиональный уровень материалов, которые будут использоваться для взаимодействия с донорами, партнерами и аудиторией. Ожидаемый результат — вычитанный текст. Формат работы: дистанционно.

15. Некоммерческой организации требуется специалист по подготовке и редактированию текстов. Задача — отредактировать и сократить тексты, сохранив их эмоциональную составляющую. Также требуется проверить статьи на грамматические и пунктуационные ошибки. Ожидаемый результат — вычитанный текст. Формат работы: дистанционно.

16. Некоммерческой организации требуется специалист по подготовке и редактированию текстов. Задача — Потребуется помощь в редактировании текста объемом от 11 до 11 страниц А4. Необходимо проверить грамматику, пунктуацию и стилистическую точность. Текст будет направлен исполнителю. Работа направлена на поддержку проекта, связанного с расширением аудитории. По желанию исполнителя может быть выдано благодарственное письмо. Работа выполняется дистанционно. Ожидаемый результат — готовый текст. Формат работы: дистанционно.

17. Некоммерческой организации требуется специалист по подготовке и редактированию текстов. Задача — Проверить и отредактировать несколько текстов на тему социальных и благотворительных инициатив. Требуется исправить грамматические и пунктуационные ошибки, а также улучшить стилистическую точность. Объем текста: несколько статей, суммарно около 10 страниц. Тексты будут направлены исполнителю. Ожидаемый результат — вычитанный текст. Формат работы: дистанционно.

18. Некоммерческой организации требуется специалист по подготовке и редактированию текстов. Задача — отредактировать текст статьи объемом 8 страниц А4 и подготовить короткий визитный текст о деятельности организации для общения с новыми контактами. Оба текста должны быть на русском языке, профессионального уровня и соответствовать деловому стилю. Ожидаемый результат — готовый текст. Формат работы: дистанционно.

19. Некоммерческой организации требуется специалист по подготовке и редактированию текстов. Задача — Проверить и оптимизировать текст интервью для публикации в сборнике. Убедиться в грамматической правильности, стиле и соответствии требованиям издания. Объем: 2-4 страницы. Ожидаемый результат — вычитанный текст. Формат работы: дистанционно.

20. Некоммерческой организации требуется специалист по подготовке и редактированию текстов. Задача — Проверить и отредактировать текст часто задаваемых вопросов и интервью. Объем: 60 страниц А4. Требуется внимание к оформлению цитат и структуре текста. Текст будет направлен исполнителю. Задача поможет повысить качество предоставляемой информации. Ожидаемый результат — готовый текст. Формат работы: дистанционно."
5,"1. Некоммерческой организации требуется специалист по подготовке и редактированию текстов. Задача — Помощь в разработке письма для привлечения благотворителей и одновременно анализ текущего фандрайзинга фонда. Требуется создать профессиональный текст и дать рекомендации по улучшению стратегии привлечения средств. Ожидаемый результат — готовый текст. Формат работы: дистанционно.

2. Некоммерческой организации требуется специалист по подготовке и редактированию текстов. Задача — Создание текста для отчета и новостного материала о деятельности организации. Требуется информационный стиль, подчеркивание прозрачности и доступности программ. Объем текста аналогичен предыдущему отчету, с акцентом на визуальные материалы. Также необходима новостная статья о проведении мастер-класса, ориентированная на широкую аудиторию. Стиль: информационный, новостной. Требуется сопроводительное письмо с комментарием волонтера. Ожидаемый результат — готовый текст. Формат работы: дистанционно.

3. Некоммерческой организации требуется специалист по подготовке и редактированию текстов. Задача — провести исследование аудитории социальных сетей и подготовить 10 постов на экологическую тематику. Цель — повысить вовлеченность подписчиков и расширить охват. Необходимо определить, кто наши подписчики, и какие темы им интересны. Также требуется создать контент, который будет использоваться в рамках онлайн-просвещения. Ожидаемый результат — готовый текст. Формат работы: дистанционно.

4. Некоммерческой организации требуется специалист по подготовке и редактированию текстов. Задача — Создание текста для фандрайзинговой рассылки, включающего историю подопечного и шаблон письма. Ожидаемый результат — готовый текст. Формат работы: дистанционно.

5. Некоммерческой организации требуется специалист по подготовке и редактированию текстов. Задача — Создание текста для плаката и социальных постов, направленных на привлечение внимания к совместной благотворительной акции и мероприятию. Ожидаемый результат — готовый текст. Формат работы: дистанционно.

6. Некоммерческой организации требуется специалист по подготовке и редактированию текстов. Задача — переписать и обновить текст на тему помощи бездомным животным, а также создать SEO-оптимизированный текст на медицинскую тему. Оба текста должны быть написаны в позитивном и информативном стиле, соответствовать требованиям целевой аудитории и быть обогащены полезной информацией. Ожидаемый результат — готовый текст. Формат работы: дистанционно.

7. Некоммерческой организации требуется специалист по подготовке и редактированию текстов. Задача — Создание экопожеланий и чек-листа по организации РСО дома для продвижения экологических инициатив. Ожидаемый результат — готовый текст. Формат работы: дистанционно.

8. Некоммерческой организации требуется специалист по подготовке и редактированию текстов. Задача — Создание мотивационного контента и перевод забавных твиттов для социальных сетей. Ожидаемый результат — готовый текст. Формат работы: дистанционно.

9. Некоммерческой организации требуется специалист по подготовке и редактированию текстов. Задача — Создание текстов для страниц обратившихся и статьи о проекте онлайн-образования для врачей. Ожидаемый результат — готовый текст. Формат работы: дистанционно.

10. Некоммерческой организации требуется специалист по подготовке и редактированию текстов. Задача — Редактирование и написание текстов для привлечения внимания к проектам помощи детям и животным. Ожидаемый результат — готовый текст. Формат работы: дистанционно.

11. Некоммерческой организации требуется специалист по подготовке и редактированию текстов. Задача — Упростить и переписать истории подопечных, а также вычитать и улучшить тексты для сайта. Ожидаемый результат — готовый текст. Формат работы: дистанционно.

12. Некоммерческой организации требуется специалист по подготовке и редактированию текстов. Задача — Создание информационных постов для социальных сетей о проектах и экоподарках с позитивным тоном. Ожидаемый результат — готовый текст. Формат работы: дистанционно.

13. Некоммерческой организации требуется специалист по подготовке и редактированию текстов. Задача — Написать текст сбора средств и текст новости о завершении сбора. Объем текста: 1 стр А4 для истории подопечного, 500-1000 знаков для новости. Цель: привлечь внимание к деятельности фонда и помочь конкретному человеку. Стиль: доброжелательный, разговорный. Ожидаемый результат — готовый текст. Формат работы: дистанционно.

14. Некоммерческой организации требуется специалист по подготовке и редактированию текстов. Задача — Создать креативные слоганы и карточки ""Миф и правда"" для социальных сетей НКО, чтобы привлечь внимание и повысить лояльность аудитории. Ожидаемый результат — готовый текст. Формат работы: дистанционно.

15. Некоммерческой организации требуется специалист по подготовке и редактированию текстов. Задача — подготовить две эмоциональные истории о подопечных и оформить их в виде статьи для публикации на сайте и в социальных сетях. Материалы должны быть живыми, вдохновляющими и соответствовать брифу. Основной объем — до 1/2 страницы А4 на каждую историю. Статья будет использоваться как пример для привлечения новых участников и повышения вовлеченности аудитории. Ожидаемый результат — готовый текст. Формат работы: дистанционно.

16. Некоммерческой организации требуется специалист по подготовке и редактированию текстов. Задача — Написать историю подопечного для благотворительной платформы в информационном стиле, описать диагноз, путь выздоровления и важность поддержки. Текст должен быть до 5000 символов и включать элементы новогодней тематики. Ожидаемый результат — готовый текст. Формат работы: дистанционно.

17. Некоммерческой организации требуется специалист по подготовке и редактированию текстов. Задача — Создать информационные материалы на основе интервью врачей и истории подопечного для повышения вовлеченности аудитории и сбора средств. Задачи: 1. Расшифровать пять интервью врачей. 2. Написать историю подопечного на основе предоставленного текста и дополнительной информации. 3. Подготовить материалы для публикации в социальных сетях и на сайте. Ожидаемый результат — готовый текст. Формат работы: дистанционно.

18. Некоммерческой организации требуется специалист по подготовке и редактированию текстов. Задача — подготовить изображения для образовательного приложения, а также создать краткую печатную информацию для размещения на ящиках пожертвований. Задачи включают поиск и редактирование изображений, а также разработку минималистичного дизайна с краткой информацией. Работа ведётся в онлайн-формате. Важно соблюдать сроки и требования к формату изображений и текста. Ожидаемый результат — готовый текст. Формат работы: дистанционно.

19. Некоммерческой организации требуется специалист по подготовке и редактированию текстов. Задача — Создание поста в социальной сети с позитивным стилем и информативным содержанием для привлечения внимания к мероприятию. Требуется один текст, который объединит элементы анонса и информирования о событии. Ожидаемый результат — готовый текст. Формат работы: дистанционно.

20. Некоммерческой организации требуется специалист по подготовке и редактированию текстов. Задача — разработать слоганы и написать историю для сбора пожертвований. Слоганы должны привлекать внимание детей и родителей, а история — быть живой и мотивировать на помощь. Материалы будут использоваться в листовках и на платформе для сбора средств. Важно, чтобы оба элемента побуждали к действию: оставить заявку, пожертвовать или стать волонтером. Ожидаемый результат — готовый текст. Формат работы: дистанционно."
6,"1. Некоммерческой организации требуется специалист по письменному переводу. Задача — Переведите историю пары с русского на английский и адаптируйте текст буклета с английского на русский, учитывая локальные реалии. Важно сохранить эмоциональную составляющую истории и адаптировать буклет так, чтобы он был понятен целевой аудитории. Результаты должны быть оформлены в Word с оглавлением. В качестве благодарности будет выдано СПАСИБО. Ожидаемый результат — готовый перевод документа. Формат работы: дистанционно.

2. Некоммерческой организации требуется специалист по юридическим вопросам. Задача — Составьте письмо на немецком языке для получения разрешения на перевод книги и подготовьте чек-лист по оформлению инвалидности для детей с врожденными дефектами. Задача включает юридическую проверку требований к переводу и детализацию этапов оформления статуса инвалидности. Результаты будут использоваться для информирования родителей и распространения в социальных сетях. Требуется знание законодательства и свободное владение немецким языком. Ожидаемый результат — подготовленный юридический документ. Формат работы: дистанционно.

3. Некоммерческой организации требуется специалист по письменному переводу. Задача — перевод текстов сбора средств и научных статей на английский и русский языки. Материалы будут использоваться для информирования потенциальных доноров и пациентов с мышечной дистрофией. Перевод должен быть выполнен быстро и качественно. Взамен — благодарственное письмо, упоминание в публикации и возможность участия в других проектах. Ожидаемый результат — готовый перевод документа. Формат работы: дистанционно.

4. Некоммерческой организации требуется специалист по письменному переводу. Задача — Необходим перевод презентации с русского на английский для привлечения международных доноров. Перевод должен быть точным и профессиональным, чтобы поддержать реализацию социально значимого проекта. Завершение. Ожидаемый результат — готовый перевод документа. Формат работы: дистанционно.

5. Некоммерческой организации требуется специалист по письменному переводу. Задача — перевести анкеты с русского на немецкий и документ с английского на русский. Анкеты связаны с международным проектом, а документ — с тематикой нарушения слуха. Перевод анкет поможет участникам проекта, а перевод документа — позволит изучить международный опыт. Ожидается благодарственное письмо. Ожидаемый результат — готовый перевод документа. Формат работы: дистанционно.

6. Некоммерческой организации требуется специалист по письменному переводу. Задача — переводить статьи о ментальном здоровье и депрессии с английского на русский. Материалы предназначены для информирования мам, столкнувшихся с перинатальными расстройствами. Перевод должен быть точным и соответствовать научно-популярному стилю. Автор перевода будет указан на сайте проекта и в соцсетях. Сроки строго соблюдаются. Ожидаемый результат — готовый перевод документа. Формат работы: дистанционно.

7. Некоммерческой организации требуется специалист по письменному переводу. Задача — перевести и отредактировать статьи о мышечной дистрофии Беккера и альтернативах тестированию на животных. Перевод должен быть точным и понятным, с возможностью коррекции профессиональной лексики. Результат будет использован как для специалистов, так и для пациентов. Важно сохранить научную точность и сделать текст доступным для широкой аудитории. Ожидаемый результат — готовый перевод документа. Формат работы: дистанционно.

8. Некоммерческой организации требуется специалист по письменному переводу. Задача — переводить тексты для фотовыставки про активных пожилых людей и статьи о косметике без тестирования на животных. Перевод должен быть не только точным, но и адаптирован под целевую аудиторию. Включает короткие описания к фотографиям и научно-популярные статьи. Сроки строго соблюдаются. Ожидаемый результат — готовый перевод документа. Формат работы: дистанционно.

9. Некоммерческой организации требуется специалист по письменному переводу. Задача — перевод двух статей на русский язык: одна по медицине (исследование боли), вторая по теме нарушения слуха. Оба документа содержат специфическую терминологию и предназначены для использования в научных целях. Формат первой статьи — PDF, вторая — без дополнительного оформления. Ожидаемый результат — готовый перевод документа. Формат работы: дистанционно.

10. Некоммерческой организации требуется специалист по письменному переводу. Задача — перевод медицинских презентаций и коммерческих предложений на русский или английский язык. Перевод должен быть точным и соответствовать профессиональной терминологии. Работа ведётся удалённо. Соблюдение сроков — критически важно. Ожидаемый результат — готовый перевод документа. Формат работы: дистанционно.

11. Некоммерческой организации требуется специалист по письменному переводу. Задача — перевести два документа: постер и медицинский текст, связанные с нарушением слуха. Оба перевода с английского на русский. Не требуется оформление. Перевод поможет делиться информацией с подопечными и их семьями. В качестве благодарности — благодарственное письмо. Ожидаемый результат — готовый перевод документа. Формат работы: дистанционно.

12. Некоммерческой организации требуется специалист по письменному переводу. Задача — перевести медицинский документ и статью на русский язык. Документ содержит информацию о диагностике и уходе за пациентами с редким заболеванием, а статья посвящена профилактике травм у детей. Перевод должен быть понятен и точен. В качестве благодарности будет выдано письмо и возможность публикации в соцсетях. Ожидаемый результат — готовый перевод документа. Формат работы: дистанционно.

13. Некоммерческой организации требуется специалист по письменному переводу. Задача — перевести два документа по теме нарушения слуха. Один — статья, другой — общий документ. Переводы помогут изучить международный опыт помощи детям и взрослым с нарушенным слухом. Ожидаемый результат — готовый перевод документа. Формат работы: дистанционно.

14. Некоммерческой организации требуется специалист по письменному переводу. Задача — перевод сценария мультфильма и новостей о детях с тяжелыми заболеваниями на английский язык. Мультфильмы помогают объяснять детям сложные темы, а новости публикуются на сайте для сбора средств. Ожидаемый результат — готовый перевод документа. Формат работы: дистанционно.

15. Некоммерческой организации требуется специалист по письменному переводу. Задача — перевод статьи о выдающемся человеке и материала о послеродовой депрессии. Оба перевода будут опубликованы в рамках образовательного и информационного цикла. Перевод должен быть точным и сохранять эмоциональный подтекст. В случае первого задания важно учесть специфику жестового языка. Второй перевод поможет мамам чувствовать поддержку и понимание. В благодарность имя переводчика будет упомянуто в статье, а также будет опубликовано благодарное сообщение в социальных сетях. Ожидаемый результат — готовый перевод документа. Формат работы: дистанционно.

16. Некоммерческой организации требуется специалист по письменному переводу. Задача — перевести рабочую тетрадь на русский язык и статью на английский язык. Тетрадь предназначена для семей с паллиативным статусом, статья — для международной аудитории. Важно сохранить дизайн тетради и обеспечить точность перевода. В качестве благодарности будет предоставлена справка или запись в волонтёрскую книжку. Ожидаемый результат — готовый перевод документа. Формат работы: дистанционно.

17. Некоммерческой организации требуется специалист по письменному переводу. Задача — перевод статьи с русского на английский и с английского на русский. В первом случае речь о наставничестве для детей, во втором — о рекомендациях для СМИ. Важно сохранить заголовки и исключить подписи к иллюстрациям. Перевод поможет в международном обмене опытом и информировании широкой аудитории. Ожидаемый результат — готовый перевод документа. Формат работы: дистанционно.

18. Некоммерческой организации требуется специалист по письменному переводу. Задача — перевод статей на английский язык для публикации в международных изданиях. Требуется сохранить стиль оригинала и использовать профессиональные термины. Ожидаемый результат — готовый перевод документа. Формат работы: дистанционно.

19. Некоммерческой организации требуется специалист по письменному переводу. Задача — перевод текста и медицинской выписки с русского на английский или итальянский. Объём не указан. Перевод будет использоваться в медицинских целях. Дополнительно требуется прикреплённый файл. Ожидаемый результат — готовый перевод документа. Формат работы: дистанционно.

20. Некоммерческой организации требуется специалист по письменному переводу. Задача — Необходим перевод двух научных текстов: одного о материнском выгорании и другого о физической активности для детей с особыми потребностями. Оба перевода будут использованы в рамках психологической и медицинской поддержки семей. Требуется сохранить структуру и научный стиль, но сделать тексты понятными для целевой аудитории. Переводы будут опубликованы в электронном виде и использоваться в онлайн-семинарах. Ожидаемый результат — готовый перевод документа. Формат работы: дистанционно."
7,"1. Некоммерческой организации требуется специалист по финансам и фандрайзингу. Задача — Необходима экспертиза по улучшению пользовательского опыта сайта и аудиту программы поддержки семей. Важно повысить удобство сайта для пожертвований и подписок, а также структурировать поддержку семей с недоношенными детьми. Результаты помогут увеличить вовлеченность пользователей и качество помощи. Ожидаемый результат — комплект материалов для привлечения поддержки. Формат работы: дистанционно.

2. Некоммерческой организации требуется специалист по финансам и фандрайзингу. Задача — Настройка таргетированной рекламы в социальной сети с целью привлечения подписчиков и сбора пожертвований. Требуется определить портрет целевой аудитории, настроить кампанию и оптимизировать бюджет. Ожидается увеличение вовлеченности и финансовой поддержки. Ожидаемый результат — финансовый отчёт. Формат работы: дистанционно.

3. Некоммерческой организации требуется специалист по финансам и фандрайзингу. Задача — Провести аудит и разработать стратегию повышения вовлеченности в социальных сетях. Необходимы рекомендации по контенту, а также предложения по бесплатным тренингам для координатора. Основная цель — увеличить подписчиков и повысить активность аудитории. Результаты помогут усилить влияние организации и привлечь больше волонтеров и пожертвований. Ожидаемый результат — комплект материалов для привлечения поддержки. Формат работы: дистанционно.

4. Некоммерческой организации требуется специалист по финансам и фандрайзингу. Задача — Фонд ищет волонтера с опытом фандрайзинга для разработки стратегии привлечения финансовых партнеров и доноров. Необходимо подготовить план взаимодействия с потенциальными спонсорами, включая сценарии переговоров и список целевых организаций. Основная цель — компенсировать текущий дефицит финансирования и обеспечить развитие программы поддержки людей с социально значимыми заболеваниями. Ожидаемый результат — комплект материалов для привлечения поддержки. Формат работы: дистанционно.

5. Некоммерческой организации требуется специалист по финансам и фандрайзингу. Задача — очистить сайт от вирусной активности и настроить страницу благодарности после пожертвования, чтобы обеспечить безопасность и улучшить взаимодействие с донорами. Сайт периодически заражается, несмотря на обновления, и после успешного платежа не отображается страница ""Спасибо"". Требуется проверить резервные копии и восстановить данные, а также настроить редирект после оплаты. Это поможет повысить уровень доверия и информационной безопасности. Ожидаемый результат — комплект материалов для привлечения поддержки. Формат работы: дистанционно.

6. Некоммерческой организации требуется специалист по финансам и фандрайзингу. Задача — Фонд ищет квалифицированного специалиста в сфере HR для срочного подбора сотрудников на ключевые позиции: фандрайзера по работе с частными лицами и главного бухгалтера. Требуется помощь в подготовке описаний вакансий, отборе кандидатов, проведении тестовых заданий и первичных интервью. Работа важна для обеспечения финансовой стабильности и бесперебойного функционирования фонда, оказывающего помощь людям в трудной жизненной ситуации. Ожидается участие в холодном поиске, анализе резюме и рекомендациях по найму. Задача срочная, требуется оперативное выполнение. Ожидаемый результат — финансовый отчёт. Формат работы: дистанционно.

7. Некоммерческой организации требуется специалист по финансам и фандрайзингу. Задача — Создать контент-план и написать информационные посты для социальных сетей с целью привлечения доноров и увеличения подписчиков. Посты должны быть направлены на сбор средств и информирование о деятельности фонда. Требуется учесть целевую аудиторию и частоту публикаций. Ожидаемый результат — комплект материалов для привлечения поддержки. Формат работы: дистанционно.

8. Некоммерческой организации требуется специалист по финансам и фандрайзингу. Задача — помощь в подборе фандрайзера и настройке контекстной рекламы для увеличения базы доноров. Подбор должен быть ориентирован на опыт в фандрайзинге для НКО. Рекламная кампания должна быть настроена на увеличение количества ежемесячных пожертвований. Задача поможет стабилизировать финансирование и поддерживать программы помощи детям. Ожидаемый результат — комплект материалов для привлечения поддержки. Формат работы: дистанционно.

9. Некоммерческой организации требуется специалист по финансам и фандрайзингу. Задача — помощь в доработке грантовой заявки на Фонд президентских грантов. Заявка не прошла прошлый конкурс, необходимо провести аудит и внести коррективы для повышения шансов на победу. Важно учесть опыт фонда и особенности целевой группы — детей в трудной жизненной ситуации. Заявка должна отражать социальную значимость проекта и его масштаб. Ожидаемый результат — комплект материалов для привлечения поддержки. Формат работы: дистанционно.

10. Некоммерческой организации требуется специалист по финансам и фандрайзингу. Задача — создать сайт с 7 разделами, включая кнопку пожертвования. Сайт должен быть удобным и адаптированным под мобильные устройства. Контент уже подготовлен. Основная цель — сделать визитную карточку организации и упростить поиск помощи для родителей. Результат — готовый сайт с кликабельным меню и мобильной версией. Ожидаемый результат — комплект материалов для привлечения поддержки. Формат работы: дистанционно.

11. Некоммерческой организации требуется специалист по финансам и фандрайзингу. Задача — Создать смету летнего образовательного лагеря для детей из малообеспеченных семей, а также подготовить план взаимодействия с донорами и спонсорами. Включите сценарии встреч и рекомендации по привлечению финансирования. Ожидаемый результат — финансовый отчёт. Формат работы: дистанционно.

12. Некоммерческой организации требуется специалист по финансам и фандрайзингу. Задача — создать 3 поста о важности реккурентных пожертвований и 5 сценариев коротких видео (до 30 секунд) для телеканалов. Посты должны быть разными по аргументации, а видео – краткими, яркими и вовлекающими. Материалы будут использоваться для привлечения пожертвований и повышения узнаваемости проекта. Ожидаемый результат — комплект материалов для привлечения поддержки. Формат работы: дистанционно.

13. Некоммерческой организации требуется специалист по финансам и фандрайзингу. Задача — внести значительные изменения в главную страницу сайта, включая создание слайдера проектов, улучшение пользовательского интерфейса, оптимизацию загрузки и интеграцию с социальными сетями. Также необходимо создать новый раздел для программы фонда и настроить систему пожертвований. Ожидаемый результат — комплект материалов для привлечения поддержки. Формат работы: дистанционно.

14. Некоммерческой организации требуется специалист по финансам и фандрайзингу. Задача — Разработать концепцию интерактивного мероприятия, связанного с здоровым образом жизни и донорством крови, с возможностью реализации на онлайн-платформе и в рамках крупного мероприятия. Мероприятие должно быть вирусным и включать элементы игры или челленжа. Ожидается, что оно поможет привлечь внимание к деятельности фонда и увеличить вовлеченность целевой аудитории. Ожидаемый результат — комплект материалов для привлечения поддержки. Формат работы: дистанционно.

15. Некоммерческой организации требуется специалист по финансам и фандрайзингу. Задача — добавить функционал регулярных пожертвований и упростить оформление доната, а также обновить главную страницу сайта, изменить фон и повысить адаптивность. Это улучшит юзабилити и поможет привлечь больше поддержки. Ожидаемый результат — комплект материалов для привлечения поддержки. Формат работы: дистанционно.

16. Некоммерческой организации требуется специалист по финансам и фандрайзингу. Задача — Помогите разработать комплексную стратегию продвижения и финансирования проекта. Необходимы рекомендации по социальным конкурсам и грантам, а также проведению краудфандинговой кампании. Проект направлен на расширение охвата и привлечение внимания к деятельности. Готовы к творческому подходу и сотрудничеству. Требуется опыт в фандрайзинге и PR. Ожидаемый результат — финансовый отчёт. Формат работы: дистанционно.

17. Некоммерческой организации требуется специалист по финансам и фандрайзингу. Задача — Разработка сайта с возможностью добавления историй и информации о проектах. Необходимо создать удобную структуру, включая разделы: о нас, помощь, программы, благополучатели. Также требуется реализовать форму пожертвований и возможность добавления новых страниц с актуальной информацией. Платформа пока не выбрана, требуется консультация. Ожидаемый результат — комплект материалов для привлечения поддержки. Формат работы: дистанционно.

18. Некоммерческой организации требуется специалист по финансам и фандрайзингу. Задача — Придумать монетизируемый флешмоб в соцсетях и создать письмо-просьбу для потенциальных партнеров. Задача включает разработку стратегии продвижения и составление списка контрагентов. Результат поможет собрать средства на поддержку жизненно важных программ и ремонт здания. Требуется креативность и опыт в фандрайзинге. Ожидаемый результат — финансовый отчёт. Формат работы: дистанционно.

19. Некоммерческой организации требуется специалист по финансам и фандрайзингу. Задача — заполнить таблицу с упоминаниями проектов в соцсетях и помочь с бухгалтерской отчетностью за 2021 год. Доступ к таблице и программе ""Налогоплательщик ЮЛ"" будет предоставлен. Задача требует внимательности и знания основ бухгалтерского учета. Начать работу необходимо. Результат поможет в подготовке отчетов и избежании блокировки счета. Ожидаемый результат — финансовый отчёт. Формат работы: дистанционно.

20. Некоммерческой организации требуется специалист по финансам и фандрайзингу. Задача — Провести аудит текущих email-рассылок и выявить причины низкой конверсии. Необходимо проверить условия триггерных цепочек, работу с платежной системой и статистику поведения аудитории. На основе анализа требуется подготовить рекомендации по улучшению эффективности рассылок и настроить недостающие триггеры, например, для пользователей, которые не завершили пожертвование. Важно, чтобы рассылка помогала привлекать новых доноров и поддерживать текущих. Ожидаемый результат — комплект материалов для привлечения поддержки. Формат работы: дистанционно."
8,"1. Некоммерческой организации требуется специалист в области дизайна. Задача — создать и адаптировать визуальные элементы для социальных сетей. Включает в себя обложки для разделов ВКонтакте и обложку ТГ-канала. Обложки должны быть в едином стиле, использовать логотип организации и соответствовать цветовой палитре. В случае с ТГ-каналом требуется изменить логотип, чтобы он соответствовал целевой аудитории. Ожидаемый результат — готовый дизайн-макет. Формат работы: дистанционно.

2. Некоммерческой организации требуется специалист в области дизайна. Задача — дизайнер для создания годового отчета и обновления оформления соцсетей. Отчет должен быть в формате PowerPoint и PDF, страниц, с использованием фирменного стиля. Также требуется обложка для группы ВКонтакте, адаптированная под десктоп и мобильные устройства, с акцентами на поддержку и доверие. Важно, чтобы оба продукта соответствовали единому стилю и были удобны для использования в онлайн и офлайн форматах. Ожидаемый результат — готовая презентация. Формат работы: дистанционно.

3. Некоммерческой организации требуется специалист в области дизайна. Задача — Создать информативную инфографику и презентацию для продвижения просветительского проекта. Инфографика должна содержать иллюстраций по теме доступной среды для людей с ограниченными возможностями. Презентация — 8-9 слайдов с описанием продукта, задачами и контактами. Оба материала должны быть в фирменном стиле и использоваться в онлайн-пространстве для привлечения внимания и партнёров. Ожидаемый результат — готовый дизайн-макет. Формат работы: дистанционно.

4. Некоммерческой организации требуется специалист в области дизайна. Задача — создать дизайн и верстку информационного буклета и годового отчета. Оба документа будут использоваться для внутренней и внешней коммуникации. Буклет должен быть стандартного формата и содержать информацию о правовых аспектах деятельности. Годовой отчет должен включать финансовые данные, истории благополучателей и инфографику. Материалы уже подготовлены, требуется оформление в соответствии с брендом. Ожидаемый результат — оформленный годовой отчёт. Формат работы: дистанционно.

5. Некоммерческой организации требуется специалист в области дизайна. Задача — подготовить брошюру к печати и доработать дизайн существующего плаката фонда. Брошюра будет распространяться в детских реабилитационных центрах и на мероприятиях, а плакат — использоваться для информирования и сбора средств. Оба элемента должны быть в едином фирменном стиле, соответствовать техническим требованиям (формат А4 для брошюры, соответствие ТЗ для плаката) и быть готовыми к печати. Результаты помогут увеличить прозрачность деятельности фонда и привлечь больше поддержки от партнёров. Ожидаемый результат — комплект элементов фирменного стиля. Формат работы: дистанционно.

6. Некоммерческой организации требуется специалист в области дизайна. Задача — создать открытку с цитатой героя и благодарственное письмо. Оба документа должны быть в современном стиле, соответствовать корпоративным цветам, содержать логотип фонда и быть минималистичными. Открытка будет распространяться на мероприятии, а благодарственное письмо — как форма обратной связи с благотворителями. Ожидаемый результат — комплект элементов фирменного стиля. Формат работы: дистанционно.

7. Некоммерческой организации требуется специалист в области дизайна. Задача — создать презентацию для врачей и шаблон баннера для мероприятий. Презентация должна содержать 10 слайдов, быть в PDF-формате и соответствовать фирменному стилю. Баннер будет использоваться в социальных сетях и должен быть вертикальным. Важно, чтобы оба продукта были профессионально оформлены и соответствовали предоставленным техническим требованиям. Презентация поможет обмену опытом среди врачей, баннер — привлечению аудитории и пожертвований. Ожидаемый результат — готовая презентация. Формат работы: дистанционно.

8. Некоммерческой организации требуется специалист в области дизайна. Задача — разработать стиль для соцсетей организации и создать два дизайна чехла на телефон с логотипом. Один дизайн должен быть оригинальным и связан с тематикой животных, второй — использовать предоставленный логотип. Стиль должен быть универсальным и подходить для всех каналов коммуникации. Ожидаемый результат — комплект элементов фирменного стиля. Формат работы: дистанционно.

9. Некоммерческой организации требуется специалист в области дизайна. Задача — разработать дизайн закатного значка и этикеток для продуктов, сделанных подопечными. Значок будет использоваться на мероприятии, а этикетки — для упаковки десертов, которые будут подарены волонтерам и партнерам. Ожидаемый результат — готовый дизайн-макет. Формат работы: дистанционно.

10. Некоммерческой организации требуется специалист в области дизайна. Задача — создать годовой отчет в формате PDF и баннер для сайта и социальных сетей фонда. Отчет должен включать разделы: проекты, партнеры, команда, контакты, а также инфографику. Баннер должен быть визуально привлекательным и отражать направление деятельности фонда. В работе используются предоставленные тексты, фотографии и макеты. Ожидаемый результат — готовый дизайн-макет. Формат работы: дистанционно.

11. Некоммерческой организации требуется специалист в области дизайна. Задача — разработать дизайн сувенирной продукции (футболки, свитшоты, шоперы) для продвижения фонда и привлечения волонтёров. Стилистика — современная и минималистичная. У организации есть логотип, но нет брендбука, поэтому дизайнер может свободно творить. Продукция будет использоваться как для продажи, так и для подарков волонтёрам. Ожидаемый результат — комплект элементов фирменного стиля. Формат работы: дистанционно.

12. Некоммерческой организации требуется специалист в области дизайна. Задача — Создать баннер для мероприятия и два варианта благодарственных писем для участников. Ожидаемый результат — готовый дизайн-макет. Формат работы: дистанционно.

13. Некоммерческой организации требуется специалист в области дизайна. Задача — Создать мультимедийный контент и социальные рамки для продвижения образовательной инициативы. Требуется монтаж 15 видеоуроков и разработка двух социальных рамок (для профиля и сторис) с элементами брендинга и хэштегами. Результаты будут использоваться в онлайн-пространстве и в офлайн-мероприятиях. Ожидаемый результат — готовый дизайн-макет. Формат работы: дистанционно.

14. Некоммерческой организации требуется специалист в области дизайна. Задача — создать презентацию для партнеров и афишу для инклюзивного мероприятия. Презентация должна быть обновлена по готовому шаблону, а афиша — в формате 1080х1350 px с текстом и логотипами организаторов. Оба проекта направлены на повышение узнаваемости и привлечение внимания к деятельности организации. Задачи должны быть выполнены. Ожидаемый результат — готовая презентация. Формат работы: дистанционно.

15. Некоммерческой организации требуется специалист в области дизайна. Задача — Создать логотип для проекта помощи животным и творческой студии. Логотип должен отражать дружбу, тепло и музыкальную тематику. Стиль должен быть минималистичным и современным, с использованием этнических элементов. Логотип должен быть применим в печати и цифровом пространстве, а также быть универсальным для аватарок и футболок. Ожидаемый результат — комплект элементов фирменного стиля. Формат работы: дистанционно.

16. Некоммерческой организации требуется специалист в области дизайна. Задача — создать презентацию для выступления на мероприятии и для дальнейшей рассылки. Презентация должна быть в формате PDF, содержать 12 страниц, включая разделы о программе, тренингах, консультациях и партнерах. Материалы для презентации будут предоставлены. Также требуется адаптировать стиль под целевую аудиторию — новых участников программы, волонтеров и партнеров. Ожидаемый результат — готовая презентация. Формат работы: дистанционно.

17. Некоммерческой организации требуется специалист в области дизайна. Задача — создать презентацию для привлечения партнёров и чек-лист о безопасных игрушках для соцсетей. Необходимо структурировать информацию, оформить в соответствии с фирменным стилем и подготовить файлы в нужных форматах. Важно учесть целевую аудиторию и цели коммуникации. Ожидаемый результат — готовая презентация. Формат работы: дистанционно.

18. Некоммерческой организации требуется специалист в области дизайна. Задача — разработать несколько визуальных шаблонов благодарственных писем и создать годовой отчет в двух форматах (PDF и редактируемый макет). В отчете должны быть разделы: структура организации, проекты, финансовая отчетность, истории успеха. Благодарственные письма должны быть в разных стилях для разных категорий благодарителей. Важно использовать предоставленный текст и фотографии, а также инфографику в финансовых разделах. Соблюдение брендбука и использования логотипа обязательно. Ожидаемый результат — комплект элементов фирменного стиля. Формат работы: дистанционно.

19. Некоммерческой организации требуется специалист в области дизайна. Задача — создать два баннера: один для сайта (928x278) и один для соцсетей (1280x720), с информацией о благотворительной акции. Оба баннера должны соответствовать фирменному стилю организации. Задача поможет привлечь внимание к сбору средств на поддержку детей. Ожидаемый результат — готовый дизайн-макет. Формат работы: дистанционно.

20. Некоммерческой организации требуется специалист в области дизайна. Задача — создать баннер для кампании и инфографику, объясняющую механику благотворительной акции. Оба задания связаны с визуализацией информации для социальных сетей и направлены на привлечение внимания к деятельности фонда. Важно использовать фирменный стиль и сделать материалы понятными и привлекательными для аудитории. Ожидаемый результат — готовый дизайн-макет. Формат работы: дистанционно."
9,"1. Некоммерческой организации требуется специалист по аналитике и исследованиям. Задача — Поиск контактной информации организаций и подготовка базы для рассылки. Задача включает сбор данных с сайтов и внесение их в таблицу. Результаты помогут привлечь новых партнеров. Ожидаемый результат — аналитический отчёт. Формат работы: дистанционно.

2. Некоммерческой организации требуется специалист по аналитике и исследованиям. Задача — Собрать список инклюзивных сообществ и IT-компаний для дальнейшей связи и взаимодействия. Включить ссылки на соцсети и контакты HR-менеджеров. Необходимо минимум 60 организаций и 50 контактов. Работа ведется удаленно. Ожидаемый результат — аналитический отчёт. Формат работы: дистанционно.

3. Некоммерческой организации требуется специалист по аналитике и исследованиям. Задача — специалист по анализу данных и технической оптимизации сайта. Задача — обучить работе с Яндекс.Метрикой и Google Analytics, а также провести аудит и устранить технические проблемы, связанные с индексацией и корректной работой метрик. Результатом должно быть повышение эффективности сайта и его видимости в поисковых системах. Ожидаемый результат — аналитический отчёт. Формат работы: дистанционно.

4. Некоммерческой организации требуется специалист по аналитике и исследованиям. Задача — Провести исследование спроса на образовательный проект для школьников и одновременно проанализировать целевую аудиторию инклюзивного спортивного направления. Необходимо понять, как повысить вовлеченность родителей, учителей и школьников в здоровье, а также привлечь людей с ограниченными возможностями к спорту. Важно минимизировать риски неудачи и определить наиболее эффективные каналы взаимодействия с аудиторией. Ожидаемый результат — аналитический отчёт. Формат работы: дистанционно.

5. Некоммерческой организации требуется специалист по аналитике и исследованиям. Задача — собрать правила соревнований по историческому фехтованию (HEMA) и найти европейские исследования о деятельности благотворительных организаций, занимающихся вещевой помощью. Цель — сравнить подходы к организации мероприятий и помощи, чтобы адаптировать лучшие практики для внутреннего использования. Ожидаемый результат — аналитический отчёт. Формат работы: дистанционно.

6. Некоммерческой организации требуется специалист по аналитике и исследованиям. Задача — Помогите подготовить информацию для отчёта и создать карточки животных. Это упростит сбор данных и поможет найти дом для животных. Ваши действия будут способствовать прозрачности деятельности и увеличению шансов на усыновление. Ожидаемый результат — аналитический отчёт. Формат работы: дистанционно.

7. Некоммерческой организации требуется специалист по аналитике и исследованиям. Задача — создать две гугл-анкеты для сбора данных и расшифровать видеоурок для онлайн-курса. Анкеты будут использоваться для оценки эффективности проекта по информированию родителей детей с врожденными аномалиями. Видеоурок нужен для создания чек-листа по уходу за недоношенными детьми. Требуется работа с Google Forms, Excel и транскрибация 17 минут аудио. Задача срочная. Ожидаемый результат — аналитический отчёт. Формат работы: дистанционно.

8. Некоммерческой организации требуется специалист по аналитике и исследованиям. Задача — Настройка Google Analytics и Яндекс Метрики на сайте. Требуется специалист, который сможет установить инструменты аналитики и настроить их для получения данных о поведении пользователей. Это поможет улучшить структуру сайта и привлечь больше жертвователей. Ожидаемый результат — аналитический отчёт. Формат работы: дистанционно.

9. Некоммерческой организации требуется специалист по аналитике и исследованиям. Задача — создать шаблон презентации для ежемесячного отчета, включающий визуализацию данных и истории успеха подопечных. Также требуется оформить презентацию с результатами опроса, включающую диаграммы и цитаты. Оба шаблона должны быть в фирменном стиле и легко обновляемыми. Ожидаемый результат — аналитический отчёт. Формат работы: дистанционно.

10. Некоммерческой организации требуется специалист по аналитике и исследованиям. Задача — Предоставить консультацию по изменению учредительных документов организации и вопросам ввоза импортного лекарства для пациента. Ожидаемый результат — аналитический отчёт. Формат работы: дистанционно.

11. Некоммерческой организации требуется специалист по аналитике и исследованиям. Задача — Настройка и донастройка корпоративной почты: требуется создать почтовые ящики и настроить DNS-записи, SPF и DKIM для обеспечения корректной работы. Организация новичок в данной сфере, нужна помощь в настройке и инструкциях. Это важно для связи с подопечными и укрепления репутации. Ожидаемый результат — аналитический отчёт. Формат работы: дистанционно.

12. Некоммерческой организации требуется специалист по аналитике и исследованиям. Задача — создать базу контактов потенциальных партнеров и организаций для сотрудничества. Задача включает сбор информации о школах и компаниях через интернет и подготовку структурированного документа в Excel. Работа направлена на расширение возможностей взаимодействия с общественностью и привлечения ресурсов для поддержки нуждающихся. Завершение. Ожидаемый результат — аналитический отчёт. Формат работы: дистанционно.

13. Некоммерческой организации требуется специалист по маркетингу и коммуникациям. Задача — дополнить базу контактов организаций в определённой сфере и систематизировать информацию в таблицу. Предпочтительно работать с HR-специалистами и использовать открытые источники. Результатом станет структурированный список контактов и учреждений, который будет использоваться для дальнейшей коммуникации и маршрутизации. Задача поможет улучшить доступность информации и укрепить связи с потенциальными партнёрами. Ожидаемый результат — план маркетинговых коммуникаций. Формат работы: дистанционно.

14. Некоммерческой организации требуется специалист по аналитике и исследованиям. Задача — подготовить техническое задание на создание сайта с возможностью редактирования контента. Сайт должен быть современным, удобным и отражать ценности организации. Важно предусмотреть структуру, включающую разделы о деятельности, возможности поддержки и контактную информацию. Также требуется описание функционала, включая возможность пожертвований и продвижения продукции. Платформа не ограничена, но должна быть простой в освоении. Ожидаемый результат — аналитический отчёт. Формат работы: дистанционно.

15. Некоммерческой организации требуется специалист по аналитике и исследованиям. Задача — помощь в автоматизации отчетности и интерпретации метрик мобильного приложения. Необходимо перенести данные из разных источников в единую систему, настроить корректное отображение графиков и ключевых индикаторов. Также важно разобраться с метриками эффективности, конверсии и удержания, чтобы оптимизировать работу приложения. Работа ведётся с чувствительными данными, поэтому требуется соблюдение конфиденциальности. Ожидаемый результат — аналитический отчёт. Формат работы: дистанционно.

16. Некоммерческой организации требуется специалист по аналитике и исследованиям. Задача — разработать и проверить документы, связанные с обработкой персональных данных, включая политику, согласия и формы для сайта. Организация собирает данные через онлайн-формы и Excel, требуется также оценить необходимость регистрации в государственном органе. Ожидаемый результат — аналитический отчёт. Формат работы: дистанционно.

17. Некоммерческой организации требуется специалист по аналитике и исследованиям. Задача — Создать список НКО, соответствующих критериям (работают с детьми, родителями, психологическая помощь), и организовать рассылку приглашений этим организациям на участие в инклюзивных мероприятиях. Результаты внести в таблицу и отправить по почте. Приоритет онлайн-организаций или региона регионе. Ожидаемый результат — аналитический отчёт. Формат работы: дистанционно.

18. Некоммерческой организации требуется специалист по аналитике и исследованиям. Задача — настроить таргетированную рекламу в ВКонтакте и Яндекс.Директ для привлечения участников экологического мероприятия и повышения вовлеченности аудитории. Задача включает настройку рекламы, работу с охватами, а также настройку Яндекс.Метрики для отслеживания целевых действий. Результатом должно быть увеличение числа подписчиков, пожертвований и волонтеров. Ожидаемый результат — аналитический отчёт. Формат работы: дистанционно.

19. Некоммерческой организации требуется специалист по аналитике и исследованиям. Задача — Создать базу контактов PR-агентств и разослать приглашения в проект, направленный на популяризацию экологических инициатив. После этого провести рассылку анонсов в подходящие сообщества для расширения охвата. Ожидаемый результат — аналитический отчёт. Формат работы: дистанционно.

20. Некоммерческой организации требуется специалист по аналитике и исследованиям. Задача — обновить информацию на сайте и улучшить его визуальное оформление. Необходимо внести новые данные о тренерах и площадках, а также провести анализ и рекомендации по цветовой гамме и удобству интерфейса. Важно, чтобы сайт был функциональным и привлекательным для посетителей. Ожидаемый результат — аналитический отчёт. Формат работы: дистанционно."
10,"1. Некоммерческой организации требуется специалист по маркетингу и коммуникациям. Задача — разработать стратегию развития аудитории и ведения группы в социальной сети. Группа имеет низкий охват и вовлеченность. Необходимо составить план коммуникации, настроить email-рассылки и разработать контент-план для повышения активности подписчиков. Ожидаемый результат — план маркетинговых коммуникаций. Формат работы: дистанционно.

2. Некоммерческой организации требуется специалист по маркетингу и коммуникациям. Задача — Создать посты для соцсетей о празднике и ко дню инвалида, чтобы информировать и привлечь внимание к деятельности. Ожидаемый результат — комплект материалов для социальных сетей. Формат работы: дистанционно.

3. Некоммерческой организации требуется специалист по маркетингу и коммуникациям. Задача — разместить анонсы мероприятий на внешних площадках. Один анонс связан с экологическим марафоном, второй — с вебинаром для координаторов. Задача направлена на привлечение участников и расширение охвата целевой аудитории. В качестве благодарности предлагается экоподарок и возможность выбора благодарности. Ожидаемый результат — план маркетинговых коммуникаций. Формат работы: дистанционно.

4. Некоммерческой организации требуется специалист по маркетингу и коммуникациям. Задача — Создание историй о наставничестве и разработка контент-плана для социальных сетей. Ожидаемый результат — план маркетинговых коммуникаций. Формат работы: дистанционно.

5. Некоммерческой организации требуется специалист по маркетингу и коммуникациям. Задача — провести аудит и оптимизировать группу в социальной сети, а также разработать стратегию увеличения числа подписчиков и повышения вовлеченности аудитории. Важно использовать только белые методы продвижения и регулярно публиковать контент, включая прямые эфиры. Ожидаемый результат — план маркетинговых коммуникаций. Формат работы: дистанционно.

6. Некоммерческой организации требуется специалист по маркетингу и коммуникациям. Задача — помощь в разработке инструментов оценки эффективности социальных проектов и создании стратегии продвижения фонда. Важно адаптировать методику оценки под несколько программ и сформировать годовой PR-план. Результаты помогут улучшить качество поддержки семей и привлечь больше сторонников. Ожидаемый результат — план маркетинговых коммуникаций. Формат работы: дистанционно.

7. Некоммерческой организации требуется специалист по маркетингу и коммуникациям. Задача — Помогите организовать файлы проекта и разместить анонсы мероприятия. Необходимо перенести документы из одного облачного хранилища в другое, создать логичную структуру и составить список недостающих материалов. Также требуется подготовить и разместить анонсы вебинара для привлечения новых координаторов. Задание можно выполнить удаленно. В качестве благодарности — благодарственное письмо. Ожидаемый результат — план маркетинговых коммуникаций. Формат работы: дистанционно.

8. Некоммерческой организации требуется специалист по маркетингу и коммуникациям. Задача — разработать digital-акцию в социальной сети к и составить контент-план для продвижения проекта. Акция должна быть ориентирована на вовлечение аудитории в важность донорства крови, а контент-план — вовлечь молодежь в полезные проекты. Необходимо использовать креативные идеи и инструменты SMM. Акция должна быть совместима с предыдущими итогами и включать элементы взаимодействия с пользователями. Ожидаемый результат — план маркетинговых коммуникаций. Формат работы: дистанционно.

9. Некоммерческой организации требуется специалист по маркетингу и коммуникациям. Задача — помощь в аудите и разработке SMM-стратегии для социальной организации. В настоящее время контент несистематичен и не привлекает достаточного внимания. Требуется внешний взгляд для анализа текущего состояния и предложения по улучшению. Также необходима стратегия по привлечению доноров и волонтеров, а также повышению осведомленности о проблеме одиноких пожилых людей и инвалидов. Важно, чтобы результаты были оформлены в виде текстового документа с рекомендациями. Взамен предлагается благодарственное письмо и упоминание в соцсетях. Ожидаемый результат — комплект материалов для социальных сетей. Формат работы: дистанционно.

10. Некоммерческой организации требуется специалист по маркетингу и коммуникациям. Задача — Разработка креативной концепции онлайн-акции и создание постов для продвижения помощи детям. Ожидаемый результат — план маркетинговых коммуникаций. Формат работы: дистанционно.

11. Некоммерческой организации требуется специалист по маркетингу и коммуникациям. Задача — Провести анализ заинтересованных сторон и разработать стратегию повышения осведомленности о редком заболевании и деятельности фонда. Основная цель — улучшить взаимодействие с целевой аудиторией, включая медицинских специалистов и родителей детей с признаками редкого рахита. Нужно определить наиболее эффективные каналы продвижения и создать рекомендации для дальнейшей работы. Организация не имеет опыта в этой сфере и нуждается в профессиональной поддержке. Бюджет ограничен, но есть возможность продвижения через социальные сети. Ожидаемый результат — план маркетинговых коммуникаций. Формат работы: дистанционно.

12. Некоммерческой организации требуется специалист по маркетингу и коммуникациям. Задача — Помочь зарегистрировать почтовый сервис и настроить технические параметры, включая DNS-записи, для обеспечения корректной работы рассылок. Обучить сотрудника, чтобы он мог в дальнейшем самостоятельно вносить изменения. Ожидаемый результат — готовый шаблон рассылки. Формат работы: дистанционно.

13. Некоммерческой организации требуется специалист по маркетингу и коммуникациям. Задача — найти и проанализировать сообщества в соцсетях, а также актуальные спортивные тренировки для взрослых людей с инвалидностью. В результате должен быть составлен список сообществ и секций с контактами. Ожидаемый результат — комплект материалов для социальных сетей. Формат работы: дистанционно.

14. Некоммерческой организации требуется специалист по маркетингу и коммуникациям. Задача — Найти и пригласить танцующих коллективов, включая жестовое пение, для участия в мероприятии. Необходимо составить список организаций и провести рассылку приглашений. Задача включает работу с базой контактов и социальными сетями. Ожидаемый результат — готовый шаблон рассылки. Формат работы: дистанционно.

15. Некоммерческой организации требуется специалист по маркетингу и коммуникациям. Задача — помощь в настройке и оптимизации email-рассылок для двух целевых аудиторий. Мы новички в этой сфере, поэтому требуется не только настройка, но и обучение персонала. Также наблюдается снижение открытия и кликов, поэтому необходим анализ текущих рассылок и рекомендации по улучшению их эффективности. Ожидаемый результат — план маркетинговых коммуникаций. Формат работы: дистанционно.

16. Некоммерческой организации требуется специалист по маркетингу и коммуникациям. Задача — разработать и запустить таргетированную рекламную кампанию для привлечения целевой аудитории на мероприятие, а также подготовить текстовую расшифровку видео, связанного с темой мероприятия. Работа ведется в онлайн-формате. Важно использовать существующие данные и уложиться в бюджет. Результаты рекламы и тексты будут использоваться для продвижения и информирования аудитории. Ожидаемый результат — план маркетинговых коммуникаций. Формат работы: дистанционно.

17. Некоммерческой организации требуется специалист по маркетингу и коммуникациям. Задача — волонтер для анализа и улучшения стратегии ведения социальных сетей. Требуется провести аудит текущей ситуации, выявить ключевые проблемы и предложить пути повышения вовлеченности и привлечения новых подписчиков. Также необходимо разработать рекомендации по изменению контент-плана и внесению новых рубрик. Результат должен помочь организации повысить узнаваемость и устойчивость в привлечении пожертвований. Ожидаемый результат — комплект материалов для социальных сетей. Формат работы: дистанционно.

18. Некоммерческой организации требуется специалист по маркетингу и коммуникациям. Задача — Создать велком-цепочку писем для новых подписчиков, включая шаблоны и структуру. Настроить рассылку таким образом, чтобы она помогла установить доверительные отношения и повысить вовлеченность. Ожидаемый результат — готовый шаблон рассылки. Формат работы: дистанционно.

19. Некоммерческой организации требуется специалист по маркетингу и коммуникациям. Задача — Привлечь блогеров и сообщества к акции и премии. Необходимо разработать план взаимодействия с потенциальными участниками, подготовить информационные материалы и обеспечить охват как минимум 50 населённых пунктов. Учтите ограничения по использованию определённых платформ. Ожидаемый результат — план маркетинговых коммуникаций. Формат работы: дистанционно.

20. Некоммерческой организации требуется специалист по маркетингу и коммуникациям. Задача — создать текст для адресного сбора средств на реабилитацию подопечного и разработать план продвижения краундфандингового проекта в социальных сетях. В рамках задания необходимо использовать личную историю и подготовить материалы для вовлечения аудитории. Также ожидается поддержка волонтеров и кураторов проекта. Ожидаемый результат — план маркетинговых коммуникаций. Формат работы: дистанционно."
