need_id,category,subcategory,task_summary
N_ebc9559a424de306b0dc1b4a,Дизайн,3D-моделирование,Создание 3D-моделей и анимации
N_f2365df8c9e0e164bcfe642f,Дизайн,анимация,создать анимационный ролик
N_f736b2786a4ba70e69b82c54,Дизайн,анимация,создать 3D-анимации и обложки
N_d7b293dde3307f437cd86295,Дизайн,анимация,создать 2D-анимацию
N_7d3e725a4160d813ab382bed,"Маркетинг (SMM, реклама, продвижение)",SMM,разработать стратегию развития аудитории
N_6aa6b8871c18130993271b09,"Маркетинг (SMM, реклама, продвижение)",копирайтинг,создать шаблон письма
N_1988f0f4fdf70ec61b8dca66,Дизайн,графический дизайн,разработать логотип и стиль публикаций
N_7f05cc1dbe0cfa08d68f35e9,Дизайн,графический дизайн,разработка иконок и элементов фирменного стиля
N_f8865b66aaea796680aa32f9,Дизайн,графический дизайн,разработать инфографику и шаблон презентации
N_048d51a36772a82acfae331a,IT-разработка и цифровые сервисы,разработка сайтов,разработка сайта и админки
N_74cf3abc1b8a998d0b8bb91f,Дизайн,графический дизайн,создать бренд-бук и презентацию
N_7107a11424e7d223c9d76676,Дизайн,графический дизайн,создать листовки и брошюру
N_8e4408cc2d37b84ae84fb320,"Маркетинг (SMM, реклама, продвижение)",SEO,настройка автоматизированной рассылки
N_6737b2fb7a7a25e309d51dd2,"Маркетинг (SMM, реклама, продвижение)",PR-стратегия,разработать PR-план
N_06588f2889c9810db7e3bc4d,IT-разработка и цифровые сервисы,CRM-система,настройка системы рассылок
N_53ab4ada75a5bd725e68bb96,Копирайтинг и редакция текста,копирайтинг,создание текста пожертвования
N_6e2ba29cd7550f6dc105a4d5,Дизайн,графический дизайн,создание презентации
N_783150a8b3070e8ed3ea85ea,Дизайн,верстка,создание брифов и макета магазина
N_2292c02a70509311bdd37c85,IT-разработка и цифровые сервисы,разработка сайтов,разработать сайт и шаблон для соцсетей
N_3962b5d9706acfd196bf99a3,"Маркетинг (SMM, реклама, продвижение)","копирайтинг, стратегия продвижения",создать маркетинговый план
N_a00829642e8ec3e95acb4219,Дизайн,графический дизайн,создать макет буклета
N_0b188abdf341c8956613777f,Копирайтинг и редакция текста,корректура,отредактировать тексты для email-рассылок
N_5b31f2b9be96610436f044e1,"Маркетинг (SMM, реклама, продвижение)",email-маркетинг,Аудит email-рассылок
N_661f3d42bba99eaeabacba43,IT-разработка и цифровые сервисы,настройка почтовых сервисов,Настройка почтового сервиса и обучения
N_301482151ad785f37b370e6f,"Маркетинг (SMM, реклама, продвижение)",email-маркетинг,создать велком-цепочку писем
N_1f0162192df688ff58a1a26d,IT-разработка и цифровые сервисы,Telegram-боты,создать чат-бота для регистрации
N_d4ee321c67339f2fd3681716,IT-разработка и цифровые сервисы,настройка почты,Настроить корпоративную почту
N_561f252111ac54892259c22f,IT-разработка и цифровые сервисы,разработка сайтов,создать сайт на Tilda
N_c26c294df0710c8a062132ef,IT-разработка и цифровые сервисы,аудит сайтов,провести аудит и доработать сайт
N_e0c9cb4e8d94b308a68d607b,IT-разработка и цифровые сервисы,разработка сайтов,выбор платформы и настройка платежной системы
N_fc1eb9bdef43df33e7ee1eda,IT-разработка и цифровые сервисы,разработка сайтов,Исправление формы сбора пожертвований
N_ed2a6e44f0cfcdcf207cba97,IT-разработка и цифровые сервисы,разработка сайтов,создать сайт и лендинг
N_41970a0e46cb068eaeea4b5d,IT-разработка и цифровые сервисы,разработка сайтов,разработка и обновление сайта
N_ff37ec3820a661babc5e9a30,IT-разработка и цифровые сервисы,WordPress,Доработка сайта
N_56269943c30c89a2d1adf25a,IT-разработка и цифровые сервисы,верстка,изменить шрифт и создать лендинг
N_4129e725bc1df272653218c3,IT-разработка и цифровые сервисы,переход на новый сайт,перенести сайт на новую платформу
N_6594e386ae65bf2367ce4dac,IT-разработка и цифровые сервисы,разработка сайтов,создать сайт для некоммерческой организации
N_e7f697db0ef2fcb526131578,IT-разработка и цифровые сервисы,разработка сайтов,провести аудит и модернизировать сайт
N_a889a6dc41f6e46f12aa99ab,IT-разработка и цифровые сервисы,аналитика и оптимизация сайтов,анализ данных и оптимизация сайта
N_21cf460e30ac1164f8529ff0,IT-разработка и цифровые сервисы,разработка сайтов,проектирование и создание сайта
N_27b1821119d6eb6d663e4975,IT-разработка и цифровые сервисы,аудит сайтов,провести аудит и доработать сайт
N_5c845acb350dba7d9273a53c,IT-разработка и цифровые сервисы,интеграция платежных систем,настроить Apple Pay и оптимизировать интерфейс
N_de6b9ecd296ed58771eb438d,IT-разработка и цифровые сервисы,разработка сайтов,разработать техническое задание и провести usability-аудит
N_0cd379fd6749f5fc437683bf,IT-разработка и цифровые сервисы,SEO,проводить аудит сайта
N_cc16bf36c0fae257f6e78b10,IT-разработка и цифровые сервисы,аудит сайтов,провести аудит сайта и предложить рекомендации
N_c742798584beb32db8751799,IT-разработка и цифровые сервисы,UX/UI тестирование,провести тестирование сайта
N_284f452270ee876d0086f3ad,IT-разработка и цифровые сервисы,SEO-оптимизация,аудит и оптимизация сайта
N_ca87bdd49cc7465e54e5ca7a,IT-разработка и цифровые сервисы,разработка сайтов,создать веб-портал для автоматизации
N_ef96964d584d071a24f4e3e2,IT-разработка и цифровые сервисы,разработка сайтов,создать сайт и настроить платежную систему
N_b52129fd53c55403fb141119,IT-разработка и цифровые сервисы,разработка сайтов,восстановление платежной системы
N_8672a63db666ca0b3a78b6fb,IT-разработка и цифровые сервисы,разработка сайтов,создать лендинг
N_3f3543bbde92840c8fb92913,IT-разработка и цифровые сервисы,аудит сайтов,провести аудит и доработать сайт
N_6ff050d85608f3449fdc5685,IT-разработка и цифровые сервисы,разработка сайтов,настройка почты и обновление сайта
N_4f1fd8e5b4962b55d389dfc6,IT-разработка и цифровые сервисы,разработка сайтов,создать лендинг и обновить сайт
N_38c927eecc81b00a42a1efd4,IT-разработка и цифровые сервисы,WordPress,обновление сайта WordPress
N_1df3b330fda76c0a5bed5b6b,IT-разработка и цифровые сервисы,аудит сайтов,провести аудит юзабилити и улучшить мобильную версию сайта
N_72aa62f63d1e6c89632bd317,IT-разработка и цифровые сервисы,WordPress,Настройка шаблона и обучение
N_fc1cc9755f3093dd9b98f3a3,IT-разработка и цифровые сервисы,Google Analytics,Настройка аналитических инструментов
N_2017032a4d468f87be49fc63,IT-разработка и цифровые сервисы,SEO-аудит,провести анализ сайта
N_691e3afbbc4141b2edaca714,Дизайн,графический дизайн,создать дизайн сайта
N_95990b55f39c1ad299261e2e,IT-разработка и цифровые сервисы,создание сайтов,выбрать домен и создать лендинг
N_98e4f32e54c5f8adf110f057,IT-разработка и цифровые сервисы,лендинги,создать лендинг и QR-код
N_fe9d66806b32460fcda7420f,IT-разработка и цифровые сервисы,WordPress,обновление сайта и добавление раздела
N_be63b6db5d455fde5a9d0835,IT-разработка и цифровые сервисы,"вебинары, аудит сайта",организовать вебинары и аудит сайта
N_7e222fd21376b83621fd57ce,IT-разработка и цифровые сервисы,переустановка ОС,переустановка ОС и перенос данных сайта
N_c4b906d8cf0885d3a3d04397,IT-разработка и цифровые сервисы,перенос сайтов,настройка платежной системы
N_46c3bb4a7cb67db74dad0eb1,IT-разработка и цифровые сервисы,разработка сайтов,устранение проблем с формами и платежами
N_47555894064fb613ccdda4a5,IT-разработка и цифровые сервисы,CRM,внедрение CRM и настройка ВПН
N_3856a697ff10af2d84ba511e,IT-разработка и цифровые сервисы,настройка веб-платформ,Настройка и оптимизация веб-платформы
N_5f0f8de6b27a90efff70d629,IT-разработка и цифровые сервисы,настройка сайта,Настройка сайта и платежной системы
N_826552e7104d36ce85b73b58,IT-разработка и цифровые сервисы,Telegram-боты,Настроить донаты на ВКонтакте
N_ddb4011347a524bdf3516c5d,IT-разработка и цифровые сервисы,безопасность сайта,очистить сайт от вирусов
N_15e4011196f93475b857746b,Дизайн,графический дизайн,изменение аватара и настройка почтового сервера
N_e65ac749635c4825c9c70e19,IT-разработка и цифровые сервисы,настройка серверов,настройка почтовых серверов
N_bc421931ae6ce0fa16b443dc,IT-разработка и цифровые сервисы,настройка почтовых серверов,Настройка корпоративной почты
N_e0a8fda7f160531e09f464a8,IT-разработка и цифровые сервисы,разработка сайтов,подготовить техническое задание
N_27dac28fbfafa135b89d8777,IT-разработка и цифровые сервисы,автоматизация процессов,"перенос данных, настройка отчетности"
N_8ab8e0326846c2fd58dafcdb,IT-разработка и цифровые сервисы,SEO-аудит,выполнить анализ веб-аналитики и SEO
N_c6e3749427e3440b2798adc6,Переводы,письменный перевод,перевести статью на английский
N_04736dac521cf32c766f4635,Переводы,письменный перевод,перевести текст на английский
N_1424e1bcab932b38b38bd02d,Переводы,письменный перевод,перевести документы на английский
N_cf9d0a0444bcb1a0a641fff5,Переводы,письменный перевод,перевести статьи на английский
N_d89d61af9cf51c393044b491,Переводы,письменный перевод,перевести тексты на английский и русский
N_342cf2d67915fe86b3c61fea,Переводы,письменный перевод,перевести научные тексты
N_566e26ef2b1eb6bafc35ab38,Переводы,письменный перевод,перевести и отредактировать статьи
N_67a69175a0e104ba8ff77aca,Переводы,письменный перевод,перевести методическое пособие
N_a8140dc9cf0b5ea08ba62a03,Переводы,письменный перевод,перевести медицинский документ
N_ee8d9e1c96863cdd1379b50f,Переводы,письменный перевод,перевести тетрадь и статью
N_c837f6a4964a775ff427bf06,Переводы,письменный перевод,перевести документы с русского на английский и с английского на русский
N_56b2daf6eed18167a4adf346,Копирайтинг и редакция текста,корректура,вычитка текстов
N_3d79c559cf47457a22f92a1d,копирайтинг и редакция текста,корректура,вычитать текст
N_c1095db87a45d790d23b2f0e,копирайтинг и редакция текста,корректура,вычитка текста
N_d0ca16d345e1415e4f1b04d5,Копирайтинг и редакция текста,корректура,вычитка текста
N_7525f5c825ce7e1ec768601f,Копирайтинг и редакция текста,корректура,отредактировать текст
N_ca2b2e8c807c110d20666c35,IT-разработка и цифровые сервисы,аудит сайтов,провести аудит сайта
N_3adb3fbd0631953c0e91348e,Копирайтинг и редакция текста,корректура,вычитка текста
N_a8bda74cc041a179bdccff66,Копирайтинг и редакция текста,корректура,выполнить корректорскую вычитку статьи
N_3e4f2e3b3c9e1906cef33ae6,Копирайтинг и редакция текста,корректура,вычитать текст статьи
N_5397fc2e365698a1e41d04ea,Копирайтинг и редакция текста,корректура,выполнить корректорскую вычитку текста
N_3fb61855a5e41c1d0a43bba3,копирайтинг и редакция текста,корректура,вычитка текстов
N_b80ff95f0c3f2d71afb97915,копирайтинг и редакция текста,корректура,проводить аудит и редактировать тексты
N_ff2343aba53f125c3e38b50f,Копирайтинг и редакция текста,корректура,вычитать текст
N_7f628abe281c81eae029f5bc,Копирайтинг и редакция текста,корректура,отредактировать тексты
N_96ba7fe1e95b15e5d4262ee9,Копирайтинг и редакция текста,корректура,вычитать текст
N_7016739a98537bded6b90a5b,Копирайтинг и редакция текста,корректура,вычитать текст
N_48e29046efe0935fb084cf35,Копирайтинг и редакция текста,корректура,вычитать текст
N_6a7e7ff5e63650c0a8e59aa4,Копирайтинг и редакция текста,корректура,выполнить корректорскую вычитку текста
N_2410eaf5b2ee956a92126725,копирайтинг и редакция текста,корректура,вычитать текст
N_2c285e699db3c10bd0d3a487,копирайтинг и редакция текста,корректура,вычитать текст
N_b7d6543a74effed49df3ba32,Копирайтинг и редакция текста,корректура,вычитка текста
N_e83f4443c0bfc00e391bb0e9,Копирайтинг и редакция текста,корректура,редактировать текст
N_931ae8d363c3f03d2208b8c9,Копирайтинг и редакция текста,корректура,вычитать текст
N_1b0e70a53a8d1bb97321fde6,Копирайтинг и редакция текста,корректура,вычитка текста
N_4f07f19a4236883877f89042,Копирайтинг и редакция текста,корректура,вычитать текст
N_a76f2d2cc8f5386c9b1fb809,Копирайтинг и редакция текста,корректура,выполнить корректорскую проверку текста
N_b1d9575e073fa2748ca00c22,Копирайтинг и редакция текста,корректура,выполнить корректорскую вычитку текстов
N_0bdc1d28182835897130a35d,IT-разработка и цифровые сервисы,аудит сайтов,провести аудит и оптимизацию сайта
N_b1fb6730539fdf8644d00098,IT-разработка и цифровые сервисы,SEO-оптимизация,Анализ сайта и составление отчета
N_e5d1902fa89e1c37ace011bb,IT-разработка и цифровые сервисы,аудит сайтов,провести аудит сайта
N_184eea6951a86bf1e6c5cde1,IT-разработка и цифровые сервисы,SEO,проводить SEO-аудит сайта
N_8fb16dad3630003d3d77c4aa,IT-разработка и цифровые сервисы,SEO,проводить SEO-аудит сайта
N_1d4f2456cc8b7409ffc95ad1,IT-разработка и цифровые сервисы,SEO-аудит,проводить SEO-аудит сайта
N_f4bc9f0c11d3b2b89b95fe4a,Дизайн,графический дизайн,создание афиши и презентации
N_e9fbd9519908b556a10e4baa,Дизайн,графический дизайн,создание письма и логотипа
N_bf9656a85552afa6f08b0749,Дизайн,графический дизайн,создать макет листа и буклета
N_7b88edbbca6d35229123178d,Дизайн,графический дизайн,адаптация обложек и создание баннеров
N_93808ab7f656da1a318b61c4,Дизайн,графический дизайн,изменение макетов и создание дизайнов
N_d0e3fe9e7157a2fc7b852a1f,Дизайн,графический дизайн,создать плакаты и инфографику
N_a4b10ed2340fd409ca70d37f,Дизайн,графический дизайн,доверстка отчета и создание презентации
N_a25a991303a89caf6c51488b,Дизайн,графический дизайн,обработка раскрасок и создание визитки
N_c611aea5110debcbb05449ba,Дизайн,графический дизайн,разработка наклеек для телефона
N_ff89e8a09fe932f158a883ca,Дизайн,графический дизайн,создание афиши и брошюры
N_8a18e3975f65ea94ba603e11,Дизайн,графический дизайн,поиск и обработка изображений
N_d96a2851ffa8d6fc5b600d86,Дизайн,графический дизайн,создать презентацию
N_169bf49245186d61f140cb2a,Дизайн,графический дизайн,создать дизайн этикеток и визиток
N_4a483325e48f6ccb67235bdc,Дизайн,графический дизайн,создание и обновление годового отчета
N_166fdbcf7e3a4265566dd25d,Дизайн,графический дизайн,создать обложки и баннеры
N_dbc0697baf7d6d6bf4e72f33,Дизайн,графический дизайн,создание изображений и вёрстка
N_e76228de58763f7927f1f5de,Дизайн,графический дизайн,создать шаблон сертификата и презентацию
N_ecfe354e7eb6ba2cc9899d78,Дизайн,графический дизайн,создать визуализацию и дизайн мерча
N_f81739eead658a37ccdfbd4d,Дизайн,графический дизайн,поиск и обработка изображений
N_5dee2a3827463d229812b8c6,Дизайн,видеомонтаж,создать мультимедийный контент
N_680f633bf4e967da11e007d6,Дизайн,графический дизайн,разработать баннеры
N_637542f67021d7508508ff37,Дизайн,графический дизайн,создать презентацию
N_6691ab0b2580885f73f34482,Дизайн,графический дизайн,разработать листовки и этикетки
N_9db6fa950e60e9c9183df9ef,Дизайн,графический дизайн,создать макеты печатной продукции
N_c4f3e27bceec7f6cc6206546,IT-разработка и цифровые сервисы,разработка сайтов,переработать сайт и создать изображения
N_8cda0954cd24015c30f63af5,Дизайн,графический дизайн,создать инфографику и баннеры
N_2a6dfb31ddbb65bfcc6de9ee,Дизайн,графический дизайн,разработать дизайн справок и бейджиков
N_a08d0adfcc3f963553838fa9,Дизайн,графический дизайн,создать электронное приглашение и иллюстрации
N_1ba191e38237b81dede66151,Дизайн,графический дизайн,создание таблички и брошюры
N_76916b43f5d22ce129fbdc13,Дизайн,графический дизайн,разработать информаторы и листовки
N_f084052ada5911e18c7c8791,Дизайн,графический дизайн,создать открытку и афишу
N_db174e0bcf5217726586e932,Дизайн,графический дизайн,создать макеты для печати
N_f3016d8bee48e04f52fb6510,Дизайн,графический дизайн,разработать макеты зачетных книжек и открыток
N_94fb55654d0fd84a53ee27d2,Дизайн,графический дизайн,разработка макетов для печати
N_cde4dd8f72205114b11702ee,IT-разработка и цифровые сервисы,обработка изображений,обработка изображений для проекта
N_c7cc167016b654ace83c775d,Дизайн,графический дизайн,создание логотипа и годового отчета
N_3900a9364283df3e669b9ff7,Дизайн,графический дизайн,создать дизайн печатной продукции
N_83413b99c6503413ea4be5e7,Дизайн,графический дизайн,изменение макета и адаптация под соцсети
N_95b089511aaf6550b0d8a134,Дизайн,графический дизайн,создать макет письма
N_42fd90f2705a585743654394,Дизайн,графический дизайн,разработать дизайн сертификата и сувенирной продукции
N_c0d569f8212ae2107ed72c37,Дизайн,графический дизайн,создать дизайн презентации и сайта
N_a0f6b96a747e11538e157a9d,IT-разработка и цифровые сервисы,дизайн одностраничного сайта,создать лендинг для сбора пожертвований
N_e1b4fe85f2bc12b32e9f2082,Дизайн,графический дизайн,создать инфографику и шаблоны постов
N_e21084fe360a7dd82650567b,Дизайн,графический дизайн,подготовка брошюры и доработка плаката
N_bc0bd1013c89af8e6561749c,Дизайн,графический дизайн,создание инфографики для соцсетей
N_b78f64d54be64004611576c3,Дизайн,графический дизайн,создать печатную продукцию и баннеры
N_72201ae9317c2225f8da628d,IT-разработка и цифровые сервисы,дизайн,создание визуального стиля сайта
N_e073aa3512a559cf1792d0d2,Дизайн,графический дизайн,разработать дизайн печатной продукции
N_514d07c5b6c8c12565ea5af5,Дизайн,графический дизайн,создание сертификатов и изображений
N_b1b30dca77881e2c42e22f51,Дизайн,графический дизайн,создать подарочные сертификаты и памятки
N_98d635007fb32fd7e5a51ba7,Дизайн,графический дизайн,разработать грамоту и брошюру
N_90716f17982949982656ca5d,Дизайн,графический дизайн,создать инфографику и заставку
N_3e13f56fa0abbe718a0a6124,IT-разработка и цифровые сервисы,интерактивные сайты,создать интерактивный годовой отчет
N_14da9be73a9a483888b9aa44,Дизайн,графический дизайн,создать инфографику
N_020001e73a19d36d395956e2,Дизайн,"фото и видеосъемка, монтаж",обработка изображений
N_b11c9369832f4532c262dcfb,Дизайн,графический дизайн,разработать брендбук и дизайн футболки
N_13f52035148f73108e2dac31,Дизайн,графический дизайн,поиск и подготовка изображений
N_4b7d20f577b223e29f81fdd3,Дизайн,графический дизайн,создать дизайн наклейки и стикера
N_6486d969ae80111d928c4c67,Дизайн,графический дизайн,создать табличку и обновить печатную продукцию
N_2e13d235ee639f319c3ddc5b,копирайтинг и редакция текста,корректура,подготовка афиш и брошюры
N_23a093321895ee69436e21c4,Дизайн,графический дизайн,"подобрать цветовую палитру и шрифты, подготовить брендбук, создать иллюстрацию"
N_d03921392e5f29b947a869eb,IT-разработка и цифровые сервисы,разработка сайтов,создать сайт и PDF отчет
N_112bd7dfe5b16160596d54e2,Дизайн,графический дизайн,разработать дизайн плаката и шаблон сертификата
N_54b20e921a59a6f6ae2f0f2f,Дизайн,графический дизайн,создать шаблон баннера
N_d27732417cfc2e07e607b51a,Дизайн,графический дизайн,разработать дизайн ролл-апа и открыток
N_811ba0440099a7b9ea06069b,Дизайн,графический дизайн,создание и обработка изображений
N_fc2a9c18b8826ecec3aef840,Дизайн,графический дизайн,разработать макеты наклеек
N_af1579cb951cf06771bff65d,Дизайн,графический дизайн,адаптация презентации и создание баннеров
N_f76e0649dc9ebf84bdd494a9,Дизайн,верстка,создать печатную продукцию
N_0037895cb89373c53d8a5074,Дизайн,графический дизайн,создать баннер и инфографику
N_8a66ec8b12d4da1434ba3aab,Дизайн,графический дизайн,создать баннеры для сайта и соцсетей
N_907321fbc97046f1616b6166,Дизайн,графический дизайн,создать рисунок и буклет
N_52e8df945bc2f1e1077e0981,Дизайн,графический дизайн,разработать стиль для соцсетей и чехлы на телефон
N_db887cd6cb16bc88b6a17e8e,Дизайн,графический дизайн,создать изображения и логотип
N_05dbc0965cef5ae2ea6d0b18,Дизайн,графический дизайн,создать баннеры и листовку
N_2eaca74423a4a4be9b7f71f6,Копирайтинг и редакция текста,копирайтинг,подготовка текстов и изображений
N_0808318dbb21c4e4c1f61fc3,IT-разработка и цифровые сервисы,разработка сайтов,создать сайт с функционалом
N_26cca27551c756ef699942d3,Дизайн,графический дизайн,разработка дизайна сувенирной продукции и соцобложек
N_3f9eb4381244137cea22c9ae,Дизайн,графический дизайн,создать брошюру и баннер
N_c7206938f201716e0298dd01,Дизайн,графический дизайн,создать изображения
N_307f116f6445b19fb841737d,Дизайн,графический дизайн,доработать презентации
N_c4d84ce59acadfa3942b7db5,Дизайн,графический дизайн,создать презентацию и афишу
N_37918abd94fd20cc70093270,Переводы,письменный перевод,перевести документы
N_6ad414af2b3681976f8b492b,Дизайн,графический дизайн,создать баннер и оформить соцсети
N_6445a70c5f04cc2eff21e22e,Дизайн,графический дизайн,создать открытку и письмо
N_b5b1b5966c8f353f3fb91f18,Дизайн,графический дизайн,создать афишу для выставки
N_0b2de75be97a53c542d85b71,Дизайн,обработка изображений,обработка изображений для инфографики
N_941d0be55e04de62f36dfb45,Дизайн,графический дизайн,создание иллюстраций и благодарственных писем
N_c53e7b468af72d9212d2dea1,Дизайн,графический дизайн,разработать стикерпак и афишу
N_e89446ee441f2f8718d54a0f,Дизайн,графический дизайн,подготовка изображений и оформление кроссворда
N_209ea42e976d0214ea975ad6,Дизайн,графический дизайн,создать графические материалы
N_74b861facd7799c89ce6d9c7,Дизайн,графический дизайн,поиск и обработка изображений
N_954ceb1befdd698d2791b818,Дизайн,графический дизайн,создать шаблоны баннера и письма
N_ed741ebc4dc2c44590df2cba,Дизайн,графический дизайн,создать презентацию и оформить соцсети
N_2ec476821374793516e49dcc,Дизайн,графический дизайн,создать макеты открытки и инфографики
N_e1a9ce19542c8c46177ddbc8,Дизайн,графический дизайн,создать презентацию
N_c73a75cb6c1c642d13bbb94b,Дизайн,иллюстрации,создать иллюстрации и оформить соцсети
N_bef5638dcc0ab179f398bb61,Дизайн,графический дизайн,создать заставку и календарь
N_bc239e3539c63429d89abd18,Дизайн,верстка,верстка каталога и брошюры
N_96520fc8ba75133ab66965fe,Дизайн,графический дизайн,создать баннер и инфографику
N_0efe10a6b9fb190bf4ccc7a1,Дизайн,графический дизайн,создать печатную открытку
N_c2924066e653b7292cfb4c39,Дизайн,графический дизайн,создать дизайн приглашений и баннеров
N_ecdd64d9295bf30b5af347b4,Дизайн,графический дизайн,создание макетов гайда и этикетки
N_1b66152831be76cbe812fd70,Дизайн,графический дизайн,создать печатные материалы
N_5532e4c0e6e5f8baeef7b910,Дизайн,графический дизайн,разработка шаблонов благодарственных писем и годового отчета
N_b497570ed2ccd6fc153a2148,Дизайн,графический дизайн,создать обложки и роллап
N_fec51fd020db780cdf1eff54,Дизайн,графический дизайн,создать годовой отчет с инфографикой
N_2b4f2090a65e1d8295c2bde7,Дизайн,графический дизайн,создать наклейки и пост для Инстаграма
N_2af82fb22bacf56fb41c3cb2,Дизайн,графический дизайн,создать макет письма и плакат
N_52c25d8da9e47fe774a61f35,Дизайн,графический дизайн,создание баннера и обработка изображений
N_34daf95160139b1af2b2781d,"Маркетинг (SMM, реклама, продвижение)",корректировка макетов,Добавить номер горячей линии в макет
N_63524179583c9849737eeb56,Дизайн,графический дизайн,подготовить макеты печатной продукции
N_c2ea477dc46362d1815b4351,Дизайн,графический дизайн,создать баннеры для соцсетей
N_b869e9a319e8aee95782ef2a,Дизайн,графический дизайн,создать макеты для печати
N_5521f35fea0aa4208ad96abf,Дизайн,графический дизайн,создать годовой отчет и афиши
N_a6fda2ac076d6ca7aa00a0de,Дизайн,графический дизайн,разработать макеты для roll-up и соцрекламы
N_fd3675c74842cde1e89512a9,Дизайн,email-дизайн,верстка отчета и создания шаблонов
N_f42a9d929a5160188822eeb1,Дизайн,графический дизайн,создание печатной продукции и изображений
N_afaa7b753adc0248f45b9840,Копирайтинг и редакция текста,копирайтинг,подготовка текстов для соцсетей и визиток
N_186606deecf58dd237442d1a,Дизайн,графический дизайн,создать презентацию и PDF
N_a5fb00988e6c20b7cc8d3a0e,Дизайн,графический дизайн,создать макет значка и баннеров
N_e12e2217759484e433476e7b,IT-разработка и цифровые сервисы,разработка сайтов,разработать сайт и вёрстку пособия
N_625ff7ed16b5688a45b4f738,Дизайн,графический дизайн,создать баннеры и логотип
N_0135fd59f1bc7eaef6d2dc3c,Дизайн,графический дизайн,создать открытку и буклет
N_8b708bebf0e544de73cd5e80,Дизайн,графический дизайн,создать новогодние открытки
N_4b38d1e5b43e4d488a63246d,IT-разработка и цифровые сервисы,разработка сайтов,создать лендинг и сайт-визитку
N_9d84eb41726953e1d4722eca,"Маркетинг (SMM, реклама, продвижение)",email-маркетинг,разработать шаблон email-рассылки
N_d207f842a523ec49ea9e1f3a,Дизайн,иллюстрация,создать иллюстрацию и макет письма
N_410a785bfa6101cc86c5eac4,Дизайн,графический дизайн,разработать дизайн печатной продукции и соцсетей
N_8255b6336281af465ef0a1d5,Дизайн,графический дизайн,создать шаблон email-рассылки
N_a0894f0946df28b2aa0870d9,Дизайн,графический дизайн,создать открытку и буклет
N_e7f3fe0df74fc2a9bb3285a2,Дизайн,графический дизайн,создать дизайн приглашений
N_abdeb09ccc7659bf816f6448,Дизайн,графический дизайн,создать годовой отчет и баннеры
N_4f9ef06b7b3a105981f691a0,Дизайн,графический дизайн,создать плакат и баннеры
N_ce5ebebc527b69f3d60961e9,Дизайн,графический дизайн,создать ролл-ап и презентацию
N_84e6980244f793795d1a3a80,Дизайн,графический дизайн,верстка визуальных материалов
N_f548047e6e321eafa8f54286,Дизайн,графический дизайн,создание макетов и дизайна сувенирной продукции
N_2e31eec45d2581ee38b318cb,Дизайн,графический дизайн,создать пресс-волл и афишу
N_5713950c324aee19abfea67d,Дизайн,графический дизайн,создать айдентику и карточки для соцсетей
N_725bd1b849ba2bd4940e76ff,Дизайн,графический дизайн,создать дизайн и верстку
N_7e7c3a8f48b4cfb9028fcc39,Дизайн,графический дизайн,создать презентации
N_6e9727aa49d5c7ae08d2be98,Дизайн,графический дизайн,создание плакатов и табличек
N_a28328e5058309537b116e06,Дизайн,графический дизайн,создать годовой отчет и баннер
N_01888fa9dd881d7614810437,Дизайн,графический дизайн,адаптировать PDF и создать соцсети форматы
N_138e351302f0df54225855fa,Дизайн,графический дизайн,разработка дизайна сувенирной продукции
N_62736ad807416cff817ce0d5,Дизайн,графический дизайн,создать макет для соцсетей
N_3f3b90a53fef2e65ecf0d5b4,Дизайн,интерьер,разработать дизайн-макет
N_e471919c577c59e75d6dde16,Дизайн,графический дизайн,создать листовку и визитку
N_b98deacbde808de6c7e107e4,Дизайн,графический дизайн,разработать дизайн листовки и стикеры
N_b00d56f91a737946638bf61f,Дизайн,графический дизайн,"правки макета, добавление иллюстраций"
N_306c8807c3b1dd0320ce70a4,Дизайн,графический дизайн,добавление логотипов и текста
N_437607ade42d95e4516d3a52,Дизайн,графический дизайн,создать наклейку и памятку
N_eac9d499209b48833bc1a722,Дизайн,графический дизайн,создать открытки и баннер
N_76de194bc98d3bbd331dd561,Дизайн,корректировка дизайна,редактировать шаблоны и продукцию
N_88709e16d09417ef90b01929,Дизайн,графический дизайн,создать одностраничный документ А4
N_1872d41099fa89d6b20cb99c,Дизайн,графический дизайн,создание карточек и писем
N_e91fa881034ad92294dd43bb,копирайтинг и редакция текста,корректура,подготовка текста благодарственного письма
N_a9c9b83aa88ddce7879238a3,Дизайн,графический дизайн,подготовка макета для печати
N_650ed40b30deb8a0c19687c1,Дизайн,графический дизайн,создать макет письма
N_1c4618cb4374b8a3af81a2a3,Дизайн,графический дизайн,создать сертификат и закладку
N_0ad3025eea20fd2e264d4472,Дизайн,графический дизайн,разработать грамоты и афишу
N_5b5925912d98b2403d9147e4,Дизайн,графический дизайн,создать сувенирную линейку
N_9dff63a8495bb391c388d921,Дизайн,графический дизайн,создать листовку-дневник
N_45f9b4a199eef47de877eeed,Дизайн,графический дизайн,создание макетов открытки и таблички
N_b096e0b8ebc90c69b2d74d5f,Дизайн,графический дизайн,создать дизайн-макеты для выставки и ящиков сбора пожертвований
N_669f655b19d663b8a5e49b4e,Дизайн,графический дизайн,создать макеты и благодарственное письмо
N_a4b4d02108b64fbaeb2e344b,Дизайн,графический дизайн,создать макеты пригласительного письма и листовки
N_3661342ebff384f33284d580,Дизайн,графический дизайн,создание карточек и буклета
N_b8f9f29df9fe1ca227ecefa3,Дизайн,графический дизайн,создать письмо и открытку
N_25fdf462102b720a6d7e0b10,Дизайн,графический дизайн,разработать шаблон письма и наклейки
N_fb202f39d073b15820a30a5e,Дизайн,графический дизайн,создать дизайн пресс-волла и информационного стенда
N_a283a324c850475e7012eff5,Дизайн,графический дизайн,создание благодарностей и дипломов
N_67675c55e60275845a9d52c7,Дизайн,графический дизайн,создать флаер и листовку
N_f1aef77bbc6c333033400935,Дизайн,графический дизайн,создать плакаты
N_f9c90cb828072571f590c182,Дизайн,графический дизайн,создать дизайн карточек и блокнота
N_8883e8cc2425086211d74d7d,Дизайн,графический дизайн,создать письмо и брошюру
N_edf9d9de86d9d65a6d5aa629,Дизайн,корректировка текста,изменить текст на сертификатах
N_b7ee58b0dd6f8fe402dd4ce0,Дизайн,графический дизайн,создание благодарственных документов
N_aed26649e2563e2f02d38769,Дизайн,графический дизайн,создать печатную продукцию
N_0fd0cfbade8078e585ba0c1c,Дизайн,графический дизайн,создать дизайн баннера и плаката
N_ab6e9b050f9cdac47aef939a,Дизайн,графический дизайн,создать флаеры и чек-листы
N_e6339d39d5dc4b2d735ae0c5,Дизайн,графический дизайн,создать открытки
N_94607d2fbf0fead9b2e01f55,Дизайн,графический дизайн,создать макеты буклетов и дипломов
N_dae7f00c89e01e11dc0a0f50,Дизайн,графический дизайн,создать мерч и флаер
N_3b0ad4aaea67bfef22ca1fc0,Дизайн,графический дизайн,создание макета флайера и листовки
N_d834d0253f928133100e517f,Дизайн,графический дизайн,создание визитки и наклеек
N_8f142eb7bc2da8c5d3643962,Дизайн,графический дизайн,разработать листовку и диплом
N_84eae9a339e8e6eba788a726,Дизайн,графический дизайн,создать векторные файлы для пазла и баннера
N_0f639f271630263cd3519630,Дизайн,графический дизайн,создать макеты письма и баннера
N_d559bb4304d802a44db9909d,Дизайн,графический дизайн,создание макетов наклейки и рекламы
N_5b9c5fc98ec59e3596405ecd,Дизайн,графический дизайн,разработать макеты диплома и афиши
N_3c55a71845525ecfe7294566,Дизайн,графический дизайн,создать листовки и открытки
N_d66f29802a57e4d4dcea8abc,Дизайн,графический дизайн,разработать открытки и сертификаты
N_049db17dbaf58d67279c8fbf,Дизайн,графический дизайн,подготовить макет буклета
N_a3758621758aab82ba3bf7f3,Дизайн,графический дизайн,создать флаер и сертификаты
N_83be331109830131f678bdb7,Дизайн,графический дизайн,создать вертикальный баннер
N_1219eab0825945f1c3c8f55b,Дизайн,графический дизайн,переработка макета листовки
N_a1ef39c75065b5e173493ad8,Дизайн,графический дизайн,создать баннер и открытку
N_fd237cc8328f26e9fc117215,Дизайн,графический дизайн,создание благодарственных писем и открыток
N_e54a5d182fb42710c2f7ba08,Дизайн,графический дизайн,создать буклет и открытку
N_285bbb813c62fa3a8a5317bd,Дизайн,графический дизайн,создать благодарность и флаер
N_8e621d29cfae833c59311345,Дизайн,графический дизайн,создать бейджики и благодарственные письма
N_1023ba9626483b08f92287a6,Дизайн,графический дизайн,разработать письма и флайеры
N_3a03bac678807f6049a2eddc,Дизайн,графический дизайн,доработка и создание макетов
N_76f3a9393bd667e0d709b890,Дизайн,графический дизайн,создать баннер и письма
N_69cd1435e023e41b04053087,Дизайн,графический дизайн,создать макеты с логотипами
N_593122aa3c4f0df9582b70be,Дизайн,графический дизайн,создать правила игры и карточку посетителя
N_c39dba54c7c8e2d35424296d,Дизайн,графический дизайн,создать постер и наклейки
N_7b337cba661328c6e419adb7,Дизайн,графический дизайн,создать руководство и ролл-ап
N_07f3a67aad5636cf5a0b6d19,Дизайн,графический дизайн,разработать макеты писем и печатной продукции
N_52e8709e53893d33c39111b7,Дизайн,графический дизайн,создать дизайн визиток и бейджей
N_b0137a80dcfbb0bc488413db,Дизайн,графический дизайн,создать макеты стикеров и кроссворда
N_fbc7275b02f309c46890ba7c,Дизайн,графический дизайн,создать дизайн письма и баннера
N_eca94add0975b87fdac680d1,Дизайн,графический дизайн,создать чек-лист и памятку
N_e5934e833a0fc3befd1e5db1,Дизайн,графический дизайн,создать макеты для печати
N_782f28f7e2ecbe9418c21428,Дизайн,графический дизайн,создать макет для печати
N_09e6010006f401f8d2ef5f56,Дизайн,графический дизайн,создать макет для печати
N_da24c7e6431426f508385a04,Дизайн,графический дизайн,подготовка стикерпака и замена логотипа
N_35876a10e1f26b271f445dda,Дизайн,графический дизайн,создать макеты для печати
N_448a49493ee81caea7fb0b9e,Дизайн,графический дизайн,разработать дизайн обложки и плаката
N_c65cb171291eb39026e73a71,Дизайн,графический дизайн,создать дизайн карточек и печатной продукции
N_8f3d3ed4ed6abcf65d2a41f2,Дизайн,графический дизайн,создать шаблон сертификата и визитку
N_55cce48a4b5ea5b52d81be38,Дизайн,графический дизайн,создать письмо и открытку
N_ffe34966e9ba773714bb4e0a,Дизайн,графический дизайн,разработать буклет и тейбл-тент
N_70b8b58533a9ffa0a81d43c4,Дизайн,графический дизайн,создать наклейку и флаер
N_e5bf1c828baed285f4ff01a5,Дизайн,графический дизайн,верстка и дизайн открытки и буклета
N_928ffbeb936e007868e02269,Дизайн,графический дизайн,создать макеты дипломов и флаеров
N_5749966592a6bd08cfa787fb,Дизайн,графический дизайн,создать дизайн открытки и наклеек
N_ca07a7b4570089b410014cb1,Дизайн,графический дизайн,создать шаблон письма и дизайн сертификатов
N_1255d9001e441529db53b098,Дизайн,графический дизайн,создать макет благодарственного письма
N_cb30f8e9828093210729b867,Дизайн,графический дизайн,создать плакат и листовку
N_77aff832a375112246e951e0,Дизайн,графический дизайн,создать макеты календаря и тетради
N_b2512ea9515b496ab7a3689f,Дизайн,графический дизайн,создать макеты календаря и сертификата
N_bbc5eb7d47688b4132a0ce00,IT-разработка и цифровые сервисы,разработка сайтов,создать сайт с разделом отчетов
N_72e710720127cf38a23951ca,IT-разработка и цифровые сервисы,разработка сайтов,создать лендинг
N_cb5f7a2c4a1b9a4de3f847ce,IT-разработка и цифровые сервисы,дизайн,подготовка текста для страницы
N_b61627bad67230ea00ee0e6d,IT-разработка и цифровые сервисы,разработка сайтов,создать лендинг для акции
N_a486a68b8218ce3a1ec76e89,IT-разработка и цифровые сервисы,разработка сайтов,создать интерактивные лендинги
N_2303ff6807953ce9b8b7474b,IT-разработка и цифровые сервисы,разработка сайтов,создать сайт с пожертвованиями
N_26c7e976c8161488ab704d3c,IT-разработка и цифровые сервисы,разработка сайтов,создать сайт благотворительного фонда
N_2fe19c2872026bf89bde3627,IT-разработка и цифровые сервисы,графический дизайн,разработать дизайн сайта
N_fa7f77e905a0c0a9d74d7ba3,Дизайн,графический дизайн,разработать дизайн сайта
N_6bdd9168de9315497a75ee24,Дизайн,UX/UI-дизайн,проводить аудит и предложить улучшения
N_762faa0cf9b51230ab6b7765,IT-разработка и цифровые сервисы,разработка сайтов,разработать лендинг для некоммерческой организации
N_823ee05b6beeb18cb803e6d3,Дизайн,графический дизайн,создать графические элементы
N_1f7890b7f9f8b3290a732dbe,Дизайн,иллюстрации,создать иллюстрации и открытки
N_886fc53e704e1d6890d3bd7f,Дизайн,графический дизайн,создать эмодзи и стикеры
N_36fa53f530ca89944028dcad,Дизайн,графический дизайн,создать стикерпак и открытки
N_010d1cd4b3dabaa37f416f09,Дизайн,графический дизайн,создать открытки
N_4f2fe03257ed3577e4606545,Дизайн,иллюстрации,создать комиксы и доработать раскраску
N_328aa949622805cae4b03167,Юриспруденция,консультация,подготовка юридического документа
N_1305dad528ed3223f9b8b460,Юриспруденция,договорное право,подготовка юридического документа
N_bd6bc452b7de512ac41334c3,Юриспруденция,документальное сопровождение,подготовка юридического документа
N_f77f81216751d5dc5a443ea2,Юриспруденция,консультация,подготовка юридических документов
N_70715d02754701a0a5c06f57,Юриспруденция,корректура,проверка и редактирование договоров
N_178ca1bc97def4d8fb6e0994,Юриспруденция,юридическая консультация,подготовка юридического документа
N_ddbbda617ddff11c756799bc,Юриспруденция,пишущий перевод,подготовка юридического документа
N_8b79631b9cf58767555dc3eb,Юриспруденция,консультация,провести юридическую консультацию
N_ad7d1d47938b622390e84370,Юриспруденция,консультация,подготовить юридический документ
N_292b7d4403fbd7019657e4ad,Юриспруденция,консультация,подготовка юридического документа
N_9c9ec091be99fbe8646e7eb6,Юриспруденция,пишущий юрист,подготовка юридического документа
N_87a5d4c9b06bcdaff978c238,Юриспруденция,консультация,подготовка юридического документа
N_7f7f0b2d2c7e1bd70d825281,Юриспруденция,консультация,подготовка юридического документа
N_4c85d59618a7c68bfa9d0efd,Юриспруденция,юридическая консультация,подготовка юридического документа
N_af44c939a301a03916c18381,Юриспруденция,консультация,подготовка юридического документа
N_e59fd4d37a91be761fb9808a,Юриспруденция,письменный перевод,подготовка юридического документа
N_2246b28dbf02ff835290cc6e,Юриспруденция,консультация по трудовому праву,подготовить юридический документ
N_24355061d107d706588eda87,Юриспруденция,консультация,подготовка юридического заключения
N_aed5a48a80a948434122c418,Юриспруденция,консультация,подготовка юридического документа
N_5866928bc8d94844c2f9bbb9,Юриспруденция,пишущий юрист,подготовка юридического документа
N_937a3456412b6db6f736e489,Юриспруденция,юридическая консультация,подготовка заявления в ФАС
N_82c822cb44f3e10aaaa1fc5b,Юриспруденция,консультация,подготовка юридического документа
N_473242eb1b000853aa689c47,Юриспруденция,консультация,подготовка юридического документа
N_67397028c430dfb945f9bd2f,Юриспруденция,правовая экспертиза,рассмотреть договор и дать рекомендации
N_b44a21cfbf0941cacd4402e7,Юриспруденция,консультация,подготовка аналитического отчета
N_2eb6554c01f10347a7bdd171,Юриспруденция,консультация,подготовка юридического документа
N_7e5d9e6cbbc695a39ea1f06e,Юриспруденция,юридическая консультация,подготовка юридического документа
N_e27d2df16983388a39817832,Юриспруденция,консультация,подготовка юридического документа
N_4f1d5c5860a9402075669de6,Юриспруденция,консультация,подготовка юридического документа
N_5f9b408c46a199f2fd56994d,Юриспруденция,консультация,подготовка юридического документа
N_6de66545e3e795b7c67ee57a,Юриспруденция,консультация,подготовка юридического документа
N_7e6e14e3dc53067cdcc797d8,Юриспруденция,письменный перевод,подготовка юридического документа
N_0bacc27d074cbc10246bef80,Юриспруденция,письменный перевод,подготовка юридического документа
N_58667cf8cfac6493438afc0a,Юриспруденция,консультация,подготовка юридического документа
N_8c3f12daf850b50fd7da771d,Юриспруденция,консультация,оценка правовых вопросов
N_7d5aac8a78b72706e4327599,Юриспруденция,юридическая консультация,подготовка юридического документа
N_f49c78f3b27ae6de250373aa,Юриспруденция,консультация,подготовить юридический документ
N_fc6c692056d36fecb7456124,Юриспруденция,письменный перевод,подготовка юридического ответа
N_14434e02d21b9fc53dc606e8,Юриспруденция,консультация,подготовка юридического документа
N_e2cac23a1842c69b59e0c7b5,Юриспруденция,консультация,подготовка юридического документа
N_b11625c37466001fd447fa54,Юриспруденция,пишущий перевод,составление юридических документов
N_2fd0e55c87fbc7bfe7722737,Юриспруденция,консультация,подготовка юридического документа
N_a800a4d724543a9f2a592eb6,Юриспруденция,консультация,подготовить юридический документ
N_b243356573ca5d214635253f,Копирайтинг и редакция текста,копирайтинг,написание текста и чек-листа
N_9d028fd38e01243b02541dbf,копирайтинг и редакция текста,копирайтинг,написать тексты для новостей
N_e2f1252642fa712a1a1b8643,IT-разработка и цифровые сервисы,разработка сайтов,создать лендинг и сайт сбора пожертвований
N_c5a07232d8bb74385bcef1a3,Копирайтинг и редакция текста,SEO,Подготовка текстов
N_7581f8a1ef5ed9762bb2747d,копирайтинг и редакция текста,корректура,подготовка текстов
N_d057bb7aed0d800c004916f0,Копирайтинг и редакция текста,копирайтинг,создание текстового контента
N_87586e55297f51744ad094a1,Копирайтинг и редакция текста,корректура,вычитка текстов
N_e757b98c084b9e860362585e,копирайтинг и редакция текста,корректура,подготовка текстов для чек-листов
N_047578757993b3fc13e828b4,Копирайтинг и редакция текста,копирайтинг,создание постов в социальных сетях
N_ef271dcc026b7c877fa44cc5,копирайтинг и редакция текста,копирайтинг,подготовка текста для сбора средств
N_2728474d41bb80d3d0b33420,копирайтинг и редакция текста,копирайтинг,создание и редактирование текста
N_32681415309b575d6eec050b,копирайтинг и редакция текста,копирайтинг,написать текст для сайта и соцсетей
N_e23c15666393a83e532d542b,копирайтинг и редакция текста,копирайтинг,создание текста для фандрайзинговой рассылки
N_cd36196a9deb32e208a175a5,копирайтинг и редакция текста,корректура,подготовка и редактирование текстов
N_7fb6954415b7707688ca62e8,Копирайтинг и редакция текста,SEO,Подготовка и редактирование текстов
N_8b4eb9151d905f991b461199,Копирайтинг и редакция текста,корректура,вычитка статей
N_4a371f08815f6c625f0c6c2a,Копирайтинг и редакция текста,копирайтинг,создать слоган и текст для сбора средств
N_ea571b5d19f6fba34442b97b,Копирайтинг и редакция текста,копирайтинг,написать письмо донорам и историю
N_ef73c8567afa40d9dc7169c1,Копирайтинг и редакция текста,копирайтинг,создать пост в соцсети
N_3c09a6eea9e74b4e0df1b97e,копирайтинг и редакция текста,корректура,отредактировать текст сбора средств
N_fd834824d14acf52d798606c,Копирайтинг и редакция текста,копирайтинг,создать мотивационный пост
N_5386cd5c47d6e8fc5796541a,Копирайтинг и редакция текста,корректура,вычитать тексты
N_e7d8a9345e9f8b29ca87ddaf,копирайтинг и редакция текста,копирайтинг,написать тексты сбора средств
N_fe40da7ff4a9a9cb028a3dc6,Копирайтинг и редакция текста,копирайтинг,написать текст сбора помощи
N_bb19791bde23a44aa62e058f,Копирайтинг и редакция текста,копирайтинг,создать пост для соцсети
N_280fc089ce5f5e5f922b51cd,Копирайтинг и редакция текста,корректура,вычитка текста
N_e37b4faae9aa97e260d11c1b,Копирайтинг и редакция текста,копирайтинг,создать текст в формате чек-листа
N_cdd311da276be520fa9e3993,Копирайтинг и редакция текста,корректура,вычитка текста
N_97ac69196cbb69f7f34ff805,Копирайтинг и редакция текста,копирайтинг,написать текст о подопечном
N_02d9d5a9ea4362a32da96971,Копирайтинг и редакция текста,копирайтинг,создать чек-лист и тексты для соцсетей
N_3f8d80dd63bceaaf5f12899a,копирайтинг и редакция текста,копирайтинг,создать текст письма и историю
N_528e49d693cb2d474a00b2c8,копирайтинг и редакция текста,копирайтинг,создание и редактирование текстов
N_2a7fedf23820916377fc27cb,копирайтинг и редакция текста,копирайтинг,создать текст о подопечном
N_7e3e0302fa042035e736a3ed,копирайтинг и редакция текста,копирайтинг,создание историй и подборка приложений
N_0cf8c2fd906bc64c037972a7,Копирайтинг и редакция текста,корректура,вычитка текста
N_9d9174cac193603b27d6b3ea,копирайтинг и редакция текста,копирайтинг,подготовка текста для сайта и соцсетей
N_bb88188afd155eae22e2787e,копирайтинг и редакция текста,копирайтинг,создание текста для конкурса
N_a6e546de19dc6b0ef156e5fc,копирайтинг и редакция текста,копирайтинг,написание текстов о волонтерах
N_88a639123cc812ea45effa41,Копирайтинг и редакция текста,копирайтинг,создание текстов для соцсетей
N_c4a542ddeb085ade6c8fdc8e,копирайтинг и редакция текста,корректура,отредактировать тексты
N_603df1cf6053359bdd2d6d8d,Копирайтинг и редакция текста,копирайтинг,написание и редактирование текстов
N_6b3218da2ab9c301e0856b0b,копирайтинг и редакция текста,тексты для соцсетей,создание текста для плаката и постов
N_c9b1ca1ee5a9112cb2bdf523,копирайтинг и редакция текста,копирайтинг,написать тексты новостей
N_6469a6cddf6d2e4e0679b5d1,копирайтинг и редакция текста,корректура,вычитка и перепись текстов
N_2afdb6284932c62932e59046,копирайтинг и редакция текста,копирайтинг,создание текста о животных
N_9bfa3e411c6b4f626d898606,Копирайтинг и редакция текста,копирайтинг,подготовка историй для фандрайзинга
N_ee3b17dedee7e69070e1a129,Юриспруденция,юридическое сопровождение,подготовка юридического документа
N_f4daa72de57059222dbaf24b,Копирайтинг и редакция текста,копирайтинг,создание слоганов и текстов
N_9696806dd4bad427d3577149,Копирайтинг и редакция текста,копирайтинг,подготовка и редактирование текстов
N_9d46a663ab9435c61311e742,Копирайтинг и редакция текста,копирайтинг,создание постов для соцсетей
N_41a41776af5ff6b13756efc8,копирайтинг и редакция текста,корректура,подготовить и отредактировать тексты
N_0cb0f913b4cb255c0c7545ba,"Маркетинг (SMM, реклама, продвижение)",SMM,создание постов для соцсетей
N_ac01447765f87e4ad94687dd,Копирайтинг и редакция текста,копирайтинг,подготовка и редактирование текста
N_502b74500a410c7098ec9d27,копирайтинг и редакция текста,копирайтинг,создание текста сбора средств
N_16937ebb6ad2f7f505860ae2,Копирайтинг и редакция текста,корректура,вычитка текстов
N_dc429776ac101b75dae432fc,копирайтинг и редакция текста,копирайтинг,написать и отредактировать текст
N_bcf7320c0d6f77229cb5ebdf,копирайтинг и редакция текста,копирайтинг,создание и редактирование текста
N_e43b44637d2358c9a852951a,копирайтинг и редакция текста,копирайтинг,создание статей и гайдов
N_27938d483c549586f29d53b6,Копирайтинг и редакция текста,копирайтинг,создание и редактирование текстов
N_2fb88915c58076099bbc7a0c,Копирайтинг и редакция текста,копирайтинг,написать тексты для новостей и писем
N_b60fd7d2ead97594ed37443b,копирайтинг и редакция текста,копирайтинг,написание текста для чек-листа
N_819274ac925fca2bc12c5392,Копирайтинг и редакция текста,копирайтинг,написать и отредактировать тексты
N_3c7ba7c783b7fe79675642c2,Копирайтинг и редакция текста,корректура,вычитать текст
N_618ff1f6560f1c7104562794,Копирайтинг и редакция текста,копирайтинг,переписать и оптимизировать тексты
N_d701384f67e80aca9282dfac,копирайтинг и редакция текста,корректура,подготовка и редактирование текстов
N_386441a1785c4eb4e2ad7f65,Копирайтинг и редакция текста,корректура,вычитка текстов
N_b4a8f571007a0055c12023e9,Копирайтинг и редакция текста,копирайтинг,подготовить тексты для письма и новости
N_3e9999cce734d2cfdce2a787,копирайтинг и редакция текста,копирайтинг,создание текстов для соцсетей
N_b94df829c457e95aa285657a,Копирайтинг и редакция текста,копирайтинг,создание поста в соцсети
N_698e79301c473558e568b07c,копирайтинг и редакция текста,копирайтинг,создание уникального текста
N_f94e81d7cdc0019e8238aa03,Копирайтинг и редакция текста,копирайтинг,подготовка текстов для отчета и статьи
N_b645bf7b81213a92996945aa,копирайтинг и редакция текста,фандрайзинг,создать текст рассылки
N_2be93edc24a9826afeb7fdde,копирайтинг и редакция текста,корректура,подготовка и редактирование текстов
N_e825481477f65b8e0d4f1747,копирайтинг и редакция текста,корректура,написание и редактирование историй
N_49209f50451ef8c25b2feeb8,копирайтинг и редакция текста,копирайтинг,подготовка текста для сбора пожертвований
N_1861bc6068f714bd3fdfa3f8,IT-разработка и цифровые сервисы,разработка сайтов,создание сайта и постов
N_6267b19a3a93662b42487c8b,копирайтинг и редакция текста,тексты для листовок,создание текста для листовки
N_883d84a401aa9627c9ad6423,"Маркетинг (SMM, реклама, продвижение)",SMM,разработка контент-стратегии
N_34b3c81a0bfce96dbba414b5,копирайтинг и редакция текста,копирайтинг,написание текстов для донорской рассылки
N_1f719b8471e2d4136ffa7cf3,"Маркетинг (SMM, реклама, продвижение)",SMM,Анализ и улучшение стратегии соцсетей
N_3647edb8ced4012899810e5a,Копирайтинг и редакция текста,копирайтинг,подготовка эмоциональных историй
N_66efe56d0a77301e386bf54e,Копирайтинг и редакция текста,копирайтинг,разработать концепцию и написать статью
N_906624adbb34a0631f9a6495,"Маркетинг (SMM, реклама, продвижение)",копирайтинг,написать истории и разработать стратегию
N_188a6cd9c3a28e7b77accc3d,Копирайтинг и редакция текста,копирайтинг,расшифровка интервью и создание слоганов
N_887413367ab316224e612afb,Переводы,письменный перевод,перевести и адаптировать текст
N_8f825fca7d526282997ee7e8,IT-разработка и цифровые сервисы,SEO-оптимизация,Оптимизация сайта для поисковиков
N_6f3d6d517d749d38a3ec8b14,Копирайтинг и редакция текста,копирайтинг,написание статей и историй
N_2620740a96d2791070b0ba24,Копирайтинг и редакция текста,копирайтинг,настройка email-рассылки и написание текста
N_e39bcdd233601078ab689067,IT-разработка и цифровые сервисы,разработка сайтов,создать лендинг и тексты
N_eb0a4c2ad31a5dc321721102,копирайтинг и редакция текста,креативный контент,создание предсказаний и слогана
N_53db50fc00e0882d4953ef81,Копирайтинг и редакция текста,копирайтинг,подготовка текста для гранта
N_49a2e1540f63c99be05ddfe6,Копирайтинг и редакция текста,копирайтинг,создание текстов для сбора средств
N_59350e2ffa29f052e15ed33e,Копирайтинг и редакция текста,копирайтинг,подготовка и редактирование текстов
N_f4b7dce94ecdc9d50379b3af,"Маркетинг (SMM, реклама, продвижение)",email-маркетинг,настройка и обучение
N_fc59d4072bbb9079e123ea8d,"Маркетинг (SMM, реклама, продвижение)",SMM,разработка стратегии продвижения
N_4fe7d9d81b05e1e64c52eef9,Копирайтинг и редакция текста,копирайтинг,подготовка текстов для соцсетей
N_0fb81f9237ecbb9e69453a5f,Копирайтинг и редакция текста,копирайтинг,"расшифровка интервью, написание текстов"
N_4924aac48dca8a3e1dc01107,копирайтинг и редакция текста,копирайтинг,создание поздравительного письма и статьи
N_a86da194c63c881fe6393b93,Копирайтинг и редакция текста,копирайтинг,разработка и редактирование текстов
N_83a86d510a7ba44e22eb3aa4,Копирайтинг и редакция текста,копирайтинг,создание текстов для презентации и статьи
N_6109f9229b6a28922d69468f,"Маркетинг (SMM, реклама, продвижение)",Google Ads,Настройка рекламной кампании
N_0084a2e99bee2145e45cbec9,Копирайтинг и редакция текста,копирайтинг,создание мотивирующих текстов
N_cd4e516fa4cab0585b447f7d,Копирайтинг и редакция текста,копирайтинг,создание и доработка текстов
N_757ef7adbd33bf079636ae87,Копирайтинг и редакция текста,копирайтинг,подготовка текстов для соцсетей
N_4919da165e3700c5f027c497,копирайтинг и редакция текста,копирайтинг,создать текст для презентации
N_f2814b07a5f0fb9e45108bb0,"Маркетинг (SMM, реклама, продвижение)",SMM,Провести анализ аудитории
N_d12b39fb7117a60a1f60cf4a,"Маркетинг (SMM, реклама, продвижение)",SMM,разработать стратегию взаимодействия
N_a8497bf7b7a36a058f5bbd46,IT-разработка и цифровые сервисы,разработка видео,создать сценарий и историю
N_cfba65b247e1162b9e4ccc97,Копирайтинг и редакция текста,копирайтинг,создание текстов для онлайн-каналов
N_faa6dd68972e08c47a970a29,Копирайтинг и редакция текста,копирайтинг,создать опросы и акцию
N_bf114506b546a1a446bb377c,"Маркетинг (SMM, реклама, продвижение)",SMM,создание рекламных кампаний
N_36b1e5edc2e035345d7b73d0,Копирайтинг и редакция текста,копирайтинг,подготовка и редактирование текстов
N_74092277738ea4f6a690b91f,Дизайн,копирайтинг,подготовить тексты и создать презентацию
N_6befb28d2e96206fd2b8a4f2,"Маркетинг (SMM, реклама, продвижение)",SMM,провести анализ социальных сетей
N_b92d4ba80075f2411925ffc9,"Маркетинг (SMM, реклама, продвижение)",SMM,разработка концепции онлайн-акции
N_8d7e74dfb201fca1a3118ac4,"Маркетинг (SMM, реклама, продвижение)",SMM,разработка контент-плана для соцсетей
N_b4d5c47cb43a4e89394e6888,Копирайтинг и редакция текста,копирайтинг,подготовка текстов для соцсетей
N_88a7545ef1bb2554bfe808a7,"Маркетинг (SMM, реклама, продвижение)",копирайтинг,подготовка и редактирование текстов
N_3597ca873eb237eebdf59266,"Маркетинг (SMM, реклама, продвижение)",SMM,разработка SMM-стратегии
N_77ebc809c64b8c45f4641f96,Копирайтинг и редакция текста,копирайтинг,написание текстов для книги-раскраски
N_08da6bfed65ee257bc8b8bd4,"Маркетинг (SMM, реклама, продвижение)",SMM,разработать стратегию продвижения
N_98ee56d5077caf27cf577a75,Копирайтинг и редакция текста,копирайтинг,разработать слоганы и текст истории
N_c039dc24f7a3f3bceae553c1,"Маркетинг (SMM, реклама, продвижение)",SEO,настройка контекстной рекламы
N_56a0fc234c54d9f70d1cf777,Копирайтинг и редакция текста,корректура,редактирование текстов
N_4ae4ced3af3a6dfae03e877d,Копирайтинг и редакция текста,копирайтинг,подготовка историй и слогана
N_7d4ed39589923503f993feea,Копирайтинг и редакция текста,копирайтинг,создать развлекательный текст
N_cb3d84b40cac1696ce7b10d5,копирайтинг и редакция текста,копирайтинг,создание и редактирование текстов
N_af1f5c85dd56305d6e5fe658,IT-разработка и цифровые сервисы,SEO,разработать стратегию позиционирования
N_7c8aecb18c58a9397f076ebd,"Маркетинг (SMM, реклама, продвижение)",рекламная кампания,разработать и запустить рекламу
N_b9dd2104b8a80ccded4e4399,копирайтинг и редакция текста,корректура,редактирование текстов
N_b49d016f5779586585730e21,"Маркетинг (SMM, реклама, продвижение)",PR-стратегия,создать контент и план PR
N_1ae049c5fd1cb1bcda6c018b,"Маркетинг (SMM, реклама, продвижение)",SMM,оптимизация группы в соцсети
N_316ce644db2250001fc56f1d,"Маркетинг (SMM, реклама, продвижение)",фандрайзинг,разработать концепцию мероприятия
N_caf91dec14b6359e912cd95d,Копирайтинг и редакция текста,копирайтинг,создание текста для сбора средств
N_907f9dd36ab371e62927acea,"Маркетинг (SMM, реклама, продвижение)",YouTube-реклама,Настройка рекламной кампании на YouTube
N_eff704fe4cba48652f9eac86,Копирайтинг и редакция текста,копирайтинг,создать статью для сайта
N_3616351efaa44add1cef9273,Копирайтинг и редакция текста,копирайтинг,подготовка текстов для соцсетей
N_5a1d8301007547ef8148251c,Копирайтинг и редакция текста,копирайтинг,создание постов в социальные сети
N_b1fe4d5a10ad4d2b2cd6c950,Дизайн,графический дизайн,разработать концепцию и дизайн-макет
N_66da682a0a3d2b093578bf28,копирайтинг и редакция текста,фандрайзинг,создание текстов для постов
N_ecd68b8dbdbe50236caaa9e0,"Маркетинг (SMM, реклама, продвижение)",SMM,разработка стратегии продвижения
N_834354184e066e84688168dc,Копирайтинг и редакция текста,копирайтинг,написание статьи и текста для лифлета
N_059226a27b0a091276ee413e,копирайтинг и редакция текста,копирайтинг,создание текста для сбора средств
N_6bfb7b1207f06b16fb32da0d,Копирайтинг и редакция текста,копирайтинг,создание и редактирование текстов
N_d54c3bc52ce37f36b442428c,"Маркетинг (SMM, реклама, продвижение)",копирайтинг,создание постов в соцсетях
N_34e79a0627eed6a65ceed4a5,Копирайтинг и редакция текста,копирайтинг,создание текстов для сбора средств
N_55face8973e5e464a5fe2610,"Маркетинг (SMM, реклама, продвижение)",SMM,разработать SMM-стратегию
N_2ca8deae12195fb4086f1312,Дизайн,videomontazh,разработать концепцию видеоролика
N_df2f5feb1936d71cc6ba8a2a,копирайтинг и редакция текста,копирайтинг,создать тексты об истории наставничества
N_e7fa4c21a85dc28556d31ec5,"Маркетинг (SMM, реклама, продвижение)",копирайтинг,придумать названия категорий и приложения
N_641cb9edd43356bc5a1d6a11,"Маркетинг (SMM, реклама, продвижение)",SMM,разработать рекламную кампанию в соцсетях
N_8c81639e547b836a0d54ed2d,"Маркетинг (SMM, реклама, продвижение)",SMM,разработать SMM-стратегию
N_289611890d600337943cfbd4,Копирайтинг и редакция текста,копирайтинг,создать текст для сбора пожертвований
N_a132c53de19d20ea1a6cc10d,"Маркетинг (SMM, реклама, продвижение)",SMM,разработать акцию и контент-план
N_7c859519f4ea82d07ec26792,"Маркетинг (SMM, реклама, продвижение)",SEO,создать текст и план продвижения
N_84e73bc075c7fd97d781cc8a,"Маркетинг (SMM, реклама, продвижение)",создание контента,создать посты и сценарии видео
N_b321954c753c0d8bfe3cb68d,"Маркетинг (SMM, реклама, продвижение)",стратегическое планирование,составить стратегию развития
N_a29f93549de9dcaf97f6be75,IT-разработка и цифровые сервисы,разработка программ,разработать программное решение
N_ff0e3492d6a9b97415b4f31a,"Фото и видеосъемка, монтаж",видеомонтаж,создать короткий видеоролик
N_7fb11c3ca6eaecfe98a68492,"Фото и видеосъемка, монтаж",видеомонтаж,создание видеороликов из вебинаров
N_22bd455b99c17ebbb1fe1686,"Фото и видеосъемка, монтаж",videomontazh,создать тизеры и презентационный ролик
N_6b195d785e18486260554a48,"Фото и видеосъемка, монтаж",видеомонтаж,создать видеоролик
N_74b20100bb797d72a29ce45f,"Фото и видеосъемка, монтаж",videomontazh,смонтировать видеоролик
N_4a6ab4ad2148d85da110c2d6,"Фото и видеосъемка, монтаж",videomontazh,смонтировать подкаст
N_e8e6d8ae3088f124b7003256,"Фото и видеосъемка, монтаж",videomontazh,смонтировать видеоролик
N_0aca4b3d744ee2ccd293ced9,"Фото и видеосъемка, монтаж",видеомонтаж,создать заставки и смонтировать рилсы
N_99602653fdb374866fa1c4e0,IT-разработка и цифровые сервисы,разработка сайтов,настроить рекуррентные пожертвования
N_d2b2b16a93f12202b5ba9d9a,IT-разработка и цифровые сервисы,интеграция систем,интеграция платежных систем
N_3a52b15839356799bf85ff66,IT-разработка и цифровые сервисы,разработка сайтов,Настройка платежной системы
N_bbf01f281e0820329acf95fa,IT-разработка и цифровые сервисы,настройка платежных систем,Настройка платежной системы
N_0994267401c1d9fd443b6d33,IT-разработка и цифровые сервисы,диагностика и настройка платежных систем,диагностика и настройка платежных систем
N_196264d46dc401ad3bf17bfb,Копирайтинг и редакция текста,копирайтинг,подготовка текстов для соцсетей
N_e7ce01f282b0383ead692749,Переводы,письменный перевод,перевести сценарий и новости
N_36c7714bf912484a47785e24,Переводы,письменный перевод,перевести презентацию с русского на английский
N_42c03862f93661bac215172f,Переводы,письменный перевод,перевести сценарии и статьи на английский
N_db756bb96bd2de90529ab068,Переводы,письменный перевод,перевести медицинские презентации
N_6afef6cbdcb6841726d1c165,Переводы,письменный перевод,перевести два документа
N_a4a9bb6823be82b2b2198758,Переводы,письменный перевод,перевести документы с английского на русский
N_c65854f497b578f5fc030518,Переводы,письменный перевод,перевести лендинг и релиз
N_56e6eb449d9b77a649d4ae61,Переводы,письменный перевод,перевести статьи
N_56724f7ec986e8a41926ae1e,Переводы,письменный перевод,перевести текст сайта и документ
N_991defaae9a7ef675db43f37,Переводы,письменный перевод,перевести биографии и истории пар
N_3ac93f3ef2abca54e28e3a04,Переводы,письменный перевод,перевести статьи с английского на русский
N_1e2b6df5fb0129d313e3a1bd,Переводы,письменный перевод,перевести текст о деменции
N_9154769dabb1da4e7468a9a6,Переводы,письменный перевод,перевести статьи на русский
N_aef57e98c17e4633e5c573fe,Переводы,письменный перевод,перевести текст и медицинскую выписку
N_74f464dc92cf0b23eb50258f,Переводы,письменный перевод,перевести статьи о ментальном здоровье
N_623d031f24a48aa80537f768,Переводы,письменный перевод,перевести тексты для выставки и статей
N_e9368f5e23ca7e5d6d8fb979,Переводы,письменный перевод,перевести документы на английский
N_997a5e9ffd5b984b49ac29b9,Переводы,письменный перевод,перевести статью и отчет
N_87b4bab4e5e69f4da42c45f5,Переводы,письменный перевод,перевести документы с разных языков
N_57eed4bbad22c1ef6a87d2c7,Переводы,письменный перевод,перевести медицинский сценарий и видеокурс
N_eac1992cf862c25256aca18c,Переводы,письменный перевод,перевести статью с русского на английский и обратно
N_3ff899df6ab67eeecf97f2bb,Переводы,письменный перевод,перевести и адаптировать тексты
N_1ef9122b47e0de363b0fa620,IT-разработка и цифровые сервисы,разработка программного обеспечения,разработка инструкций и ПО
N_5af19cf95762cba0649f335b,IT-разработка и цифровые сервисы,HR-системы,консультирование по мотивации и подбору персонала
N_34a218a8a77c92cfa8c62148,IT-разработка и цифровые сервисы,подбор персонала,Подбор кандидатов для НКО
N_a90e3461b2a99680407e4e4c,Копирайтинг и редакция текста,транскрибация,транскрибировать и рерайтить тексты
N_115000fdb71b0c268fe2c0ec,Дизайн,графический дизайн,создание иллюстраций для приложения
N_c789bc9d423e6cfd3917ad53,Копирайтинг и редакция текста,корректура,подготовка текста и транскрибация
N_289b248112d208874af4a2f2,IT-разработка и цифровые сервисы,数据分析和研究,сбор и анализ данных
N_33346363a66c60de9ba7ff4d,IT-разработка и цифровые сервисы,обработка аудио,разработать программу для транскрибации
N_c7aafe259ed5a565c3f023ea,Копирайтинг и редакция текста,корректура,расшифровка и редактирование интервью
N_bc51e80072ffcc34a3511e4e,Переводы,письменный перевод,расшифровать аудиоинтервью
N_4b8ed985cc69d3dc41bcfc31,Копирайтинг и редакция текста,транскрипция и редактура,расшифровать аудиофрагменты и отредактировать текст
N_8bf9d5afdb10df5384dc7b67,IT-разработка и цифровые сервисы,обработка аудио,расшифровать аудиозапись и подготовить отчет
N_ffa508440a165b493716c766,"Маркетинг (SMM, реклама, продвижение)",SMM,Подготовка и проведение рассылки
N_410439d3d1253f272c8ab57f,IT-разработка и цифровые сервисы,Telegram-боты,Автоматизация публикаций
N_2ce59bb0050d4a94fcb1dea4,IT-разработка и цифровые сервисы,аналитика,подготовка информации для отчета
N_1b81dca9aeea6cbfaa7610a3,IT-разработка и цифровые сервисы,создание сайтов,разработать сайт для мероприятия
N_39098027b105c5308b096d52,IT-разработка и цифровые сервисы,обработка аудио,расшифровать аудиоинтервью
N_6350fcd2e21b875398650b2e,Переводы,письменный перевод,расшифровка аудиозаписей
N_aa32938a967eadcebf3edf6f,Копирайтинг и редакция текста,транскрипция,расшифровка аудио/видео
N_c113e82914239fc535660d44,IT-разработка и цифровые сервисы,геометки на картах,корректировка геометок
N_c5f40adbf861e68605129f48,"Маркетинг (SMM, реклама, продвижение)",события и мероприятия,составить список и пригласить танцевальные коллективы
N_574e7dd728f42ca0ce3e4eda,Копирайтинг и редакция текста,транскрипция,расшифровать аудиофайлы
N_123697aaeae7b79acfeb1a74,Копирайтинг и редакция текста,корректура,отредактировать аудио/видео
N_4c80503855c2c3494bda0408,"Маркетинг (SMM, реклама, продвижение)",SMM,Подготовка и распространение анонсов
N_d1be44a933175744fda5e4f6,Копирайтинг и редакция текста,транскрибирование,расшифровать аудиозапись
N_432cb62dbd663c2da606e319,IT-разработка и цифровые сервисы,аналитика данных,сбор и анализ данных
N_494e5d9252531fafc97c7319,"Маркетинг (SMM, реклама, продвижение)",SMM,Подготовка анонсов для регионов
N_26f69ff3ee5ccfc459a30d41,IT-разработка и цифровые сервисы,аналитика данных,сбор и анализ данных
N_4f773b9419ab5cee22c98775,Копирайтинг и редакция текста,корректура,перевести и вычитать текст
N_2752509afe0ff99bc0816a6d,IT-разработка и цифровые сервисы,аналитика данных,сбор и анализ данных
N_ef17a51d2f3796c412e40340,IT-разработка и цифровые сервисы,разработка сайтов,создание гугл-анкет и транскрибация
N_c6223d6975644fb44144a1c4,IT-разработка и цифровые сервисы,аналитика,сбор базы данных и анализ
N_4902c7dd60588780ff478ad4,IT-разработка и цифровые сервисы,распознавание речи,создание программы для расшифровки аудио
N_7c78e76586c65611b20d369a,Переводы,письменный перевод,расшифровка аудио
N_edb7025bfddc9fa62bb80c8c,"Маркетинг (SMM, реклама, продвижение)",SMM,размещение анонсов мероприятий
N_7808a59cdcec2536e7885ddb,"Маркетинг (SMM, реклама, продвижение)",HR-маркетинг,систематизация контактов
N_430db8eecc24c62c98e685cc,Копирайтинг и редакция текста,корректура,расшифровка аудиозаписей
N_c43769d03fcfbd00c2639bce,IT-разработка и цифровые сервисы,Telegram-боты,систематизация данных в боте
N_7a67623ca427490b1f1b393e,Копирайтинг и редакция текста,корректура,расшифровка аудио/видео
N_2cae22c9658dd77f83b715b0,Копирайтинг и редакция текста,корректура,расшифровка и редактирование интервью
N_bfa5b2bfd8f94486753849a9,Дизайн,графический дизайн,Создать презентацию
N_f9368eab3e465b4371dfd009,Копирайтинг и редакция текста,корректура,расшифровать аудиоинтервью
N_98b0e7770815c8fc7ed5ccc3,IT-разработка и цифровые сервисы,исследования,собрать данные о компаниях
N_77dd96a2e4db15f9b30a4feb,"Маркетинг (SMM, реклама, продвижение)",SMM,поиск и анализ сообществ
N_251e803e9bbdb5c0f55ce0f2,"Маркетинг (SMM, реклама, продвижение)",SMM,создание анонсов для вебинара и мероприятия
N_bf49da9ea5cb59928fbb26ce,IT-разработка и цифровые сервисы,аналитика данных,создать базу данных и рассылку
N_91b83c2e6290c81db6d21ef0,Копирайтинг и редакция текста,корректура,расшифровка и редактирование аудио
N_90a45b87efe72fc9cc19a0f9,"Маркетинг (SMM, реклама, продвижение)",PR,создать базу контактов и организовать рассылку
N_cb973311c98ee1609b6f5757,Копирайтинг и редакция текста,транскрибирование,расшифровать аудиозаписи и отредактировать текст
N_1479a8d555f562ca8d1a4df2,"Маркетинг (SMM, реклама, продвижение)",организация мероприятий,перенос файлов и размещение анонсов
N_a031039d37e7fe1ad77fc525,IT-разработка и цифровые сервисы,обработка данных,перенести данные с сохранением формул
N_6adddac7dc4c75332ce42d11,IT-разработка и цифровые сервисы,разработка программного обеспечения,создать программу для поиска НКО и кофеен
N_5d431239ceb3695e16fc9524,"Маркетинг (SMM, реклама, продвижение)",аналитика,составить аналитический отчёт
N_db79c507ef7604e7b021fb9a,Копирайтинг и редакция текста,копирайтинг,подготовка анонсов мероприятий
N_0e3eda7bf172cd2bac80a59f,Копирайтинг и редакция текста,корректура,рерайт и транскрипция аудио
N_d071c674c74b5a071e679963,Юриспруденция,договорное право,разработать и проверить договора
N_ee45acd4959480740f0a27e1,Юриспруденция,юридическое сопровождение,составить документы
N_00c8047cb93201ba14e556a7,Юриспруденция,юридическое сопровождение,составление договора
N_8f09cf03721ab039fd3469bc,Юриспруденция,юридическое сопровождение,подготовка документов согласия
N_3bf627cd4fd5ae4f2d61c468,Юриспруденция,договорное право,подготовка договора и дополнительного соглашения
N_a75b4889ed74a9a1523f96c5,Юриспруденция,юридическое сопровождение,составление и проверка договоров
N_2b77c83daeb63db058fd6217,Юриспруденция,юридические документы,создать оферту и соглашение
N_a8f78fb052115593a6fb442b,Юриспруденция,разработка договоров,подготовка универсального договора
N_3f10613a3991067eba421df0,Юриспруденция,юридические документы,подготовка договоров
N_74e036f235e80f67258073cd,Юриспруденция,юридическое консультирование,составить договор и обновить документы
N_5b1ecbf4a47bb1535439a275,Юриспруденция,юридическое сопровождение,подготовка документов
N_ebe790cf0a5c2728d999cdb8,Юриспруденция,консультирование по праву,разработка документов по Datenschutz
N_98a21ba9f530d9031da7beda,Юриспруденция,юридические документы,подготовка документов
N_dbe555477bd19b54c069d324,Юриспруденция,документальное сопровождение,разработка договоров и документов
N_e412da003a4239d6ae5efe0f,Юриспруденция,консультация,разработка юридических документов
N_abfb33ade745cbe3ff071bde,Юриспруденция,юридическое консультирование,подготовка документов
N_2afef2af1534c59cc5f6cbfe,Юриспруденция,юридические документы,составить и проверить документы
N_75bdb51bb6e54ecc86accb53,Юриспруденция,юридические документы,проверка и разработка документов
N_33b96c133a5be3ec678be241,Юриспруденция,юридические документы,разработка документов
N_3fe0d30d8c888845a570abd1,Юриспруденция,договорное право,разработать юридический документ
N_b14172b4649ed6eb9b3d6a9c,Юриспруденция,договорная практика,составить договора
N_d6a432c5cae3d89b1761d429,Юриспруденция,юридические консультации,разработка политики защиты персональных данных
N_3d7f531ceb3fc91297262808,Копирайтинг и редакция текста,корректура,создание сжатой версии курса
N_f4280bf8b2687a56add29e22,IT-разработка и цифровые сервисы,разработка программного обеспечения,создать программу обучения
N_015e788e6499d8516b9912b5,Копирайтинг и редакция текста,сценарии,создание сценария спектакля
N_db4c1683cb4bb4fe6ff118dc,Копирайтинг и редакция текста,сценарии,создание сценариев для видеороликов
N_2a29774dee3dfe0e65f9d8f9,"Маркетинг (SMM, реклама, продвижение)",SEO,Настройка контекстной рекламы
N_ff8d2d0f7e70ad01b2108fee,"Маркетинг (SMM, реклама, продвижение)",SMM,настройка таргетированной рекламы
N_ca7a532676637d9f41b7defc,Дизайн,реклама,Настройка таргетированной рекламы
N_7ce352b0636771486e0c09d6,"Маркетинг (SMM, реклама, продвижение)",SMM,Оптимизация рекламных кампаний
N_38423765cabe752252375f32,"Маркетинг (SMM, реклама, продвижение)",SMM,настройка таргетированной рекламы
N_14451b481fa6be17f14561a2,"Маркетинг (SMM, реклама, продвижение)",SMM,Настройка таргетированной рекламы
N_33cc66235f33ee0ee6a6658d,"Маркетинг (SMM, реклама, продвижение)",фандрайзинг,предложить фандрайзинговые акции
N_be0f5f661212755bd8e483a5,IT-разработка и цифровые сервисы,Telegram-боты,разработка и интеграция бота
N_daa7dc6f58295a7b9a57054e,IT-разработка и цифровые сервисы,обновление сайта,переработать сайт WordPress
N_4f4e21244e17dfc2553881bb,IT-разработка и цифровые сервисы,разработка сайтов,создать лендинг и веб-сервис
N_d0af39639fe41652bb6b006d,IT-разработка и цифровые сервисы,разработка сайтов,создать и перенести сайт
N_60b04e0a0d8cf15688273654,IT-разработка и цифровые сервисы,SEO,оптимизация SEO и исправление форм
N_8802136da7e96b9d0d1ac28d,IT-разработка и цифровые сервисы,разработка сайтов,создать сайт на WordPress/Tilda
N_8ced7337827511844db87a73,IT-разработка и цифровые сервисы,WordPress,Добавление логотипа и создания страницы
N_4db252eb39a6d38670743b21,IT-разработка и цифровые сервисы,разработка сайтов,настроить раздел сборов на сайте
N_b0c7b86e93f27e39d90aae63,IT-разработка и цифровые сервисы,WordPress,правка сайта
N_ba8d3e969677ce784ddb1d9c,IT-разработка и цифровые сервисы,перенос данных,перенести данные на Тильду
N_78b7c336cb34c5de5c567cba,IT-разработка и цифровые сервисы,SEO-оптимизация,аудит сайта и подготовка ТЗ
N_2f8a4c444dad9dc1874a6405,IT-разработка и цифровые сервисы,обновление сайта,регулярное обновление WordPress-сайта
N_e00022a56b28ab15a1839579,IT-разработка и цифровые сервисы,разработка сайтов,создать страницу с видео и отзывами
N_75f6aa778fe0be96711894cd,IT-разработка и цифровые сервисы,разработка сайтов,"доработка сайта с использованием Svelte, Ts, Firebase"
N_98fd24f095d3e719c77a79ec,IT-разработка и цифровые сервисы,разработка сайтов,обновление сайта WordPress
N_f6fd32ea88440a9b00852563,IT-разработка и цифровые сервисы,разработка сайтов,добавить функционал пожертвований
N_ef1097c079ddea9cb28dc04b,IT-разработка и цифровые сервисы,WordPress,публикация новостей
N_2e521fb616e4a3a4d0181562,IT-разработка и цифровые сервисы,разработка сайтов,обновление разделов сайта
N_357a1efcd5f8a55cee19e682,IT-разработка и цифровые сервисы,разработка сайтов,разработать сайт с формами и структурой
N_901e7c00e3146d7e9b3747b0,IT-разработка и цифровые сервисы,разработка сайтов,доработка сайта
N_0f09cdb2fe092367104b3af9,IT-разработка и цифровые сервисы,разработка сайтов,обновление сайта WordPress
N_0a60f69706dbda7a18145fb0,IT-разработка и цифровые сервисы,разработка сайтов,обновление сайта и устранение ошибок
N_b44234ee1340289bafc414e5,IT-разработка и цифровые сервисы,разработка сайтов,создать и обновить сайт
N_b5dd75283a5c0bd65fd65f30,IT-разработка и цифровые сервисы,WordPress,создать страницу сбора данных
N_65ea594b69823186075b6d0e,IT-разработка и цифровые сервисы,разработка сайтов,доработка и оптимизация сайта
N_e4f12fbf6637defdbdfc1166,IT-разработка и цифровые сервисы,разработка сайтов,доработка сайта в Битрикс и Tilda
N_aa570c3c88bcca3d9581a381,IT-разработка и цифровые сервисы,WordPress,обновление сайта
N_42276746c20c4432d9e63413,IT-разработка и цифровые сервисы,разработка сайтов,создать и адаптировать лендинг
N_47154d40930f769c6bd09fe8,IT-разработка и цифровые сервисы,разработка сайтов,переоснащение сайта
N_ce7979c9de4449bbbc955a9b,IT-разработка и цифровые сервисы,WordPress,Добавление блока и активация ссылок
N_d00675fe3a20e427898c31d6,IT-разработка и цифровые сервисы,разработка сайтов,создать лендинг и сайт
N_d5fd3a9d7c512f9cd5715490,IT-разработка и цифровые сервисы,WordPress,исправление ошибок на сайте
N_b04302bd0e4c7c66e9a2362c,IT-разработка и цифровые сервисы,обновление сайта,пересобрать структуру сайта
N_39e87085cf46cf7a8683be89,"Маркетинг (SMM, реклама, продвижение)",SMM,создание постов-интервью
N_6cb5c6d6271a31b9f80c3016,"Маркетинг (SMM, реклама, продвижение)",SMM,Собрать список блогеров
N_fd830ff75e6f3cbdbc84fa37,"Маркетинг (SMM, реклама, продвижение)",SMM,Координация взаимодействия с блогерами
N_4b1f1cbb198233882ebffa71,"Маркетинг (SMM, реклама, продвижение)",SMM,Подготовить контент-план
N_b922d8e196df2931eb587b6d,"Маркетинг (SMM, реклама, продвижение)",SMM,разработать план взаимодействия
N_2434fc72d063a71639c0eed4,Копирайтинг и редакция текста,копирайтинг,написать пост в соцсети
N_f772c7110ea8dd9cd46caf39,Копирайтинг и редакция текста,копирайтинг,создание постов в социальных сетях
N_0477926007b1b19fb7344401,"Маркетинг (SMM, реклама, продвижение)",SMM,разработать SMM-стратегию
N_4ca7c157068b88ef853d4679,"Маркетинг (SMM, реклама, продвижение)",SMM,создать контент-план и посты для соцсетей
N_f7ab27129509b6ae348b1482,"Маркетинг (SMM, реклама, продвижение)",SMM,Подготовка контента для соцсетей
N_d512e0bd35af5da22016a3fe,Копирайтинг и редакция текста,копирайтинг,создать тексты для соцсетей
N_8b84f1c7db72c02916cde0fb,"Маркетинг (SMM, реклама, продвижение)",SMM,Аудит социальных сетей
N_ef00e002750549b41ae69710,"Маркетинг (SMM, реклама, продвижение)",SMM,анализ и разработка SMM-стратегии
N_7319c362089d960637e2bc71,"Маркетинг (SMM, реклама, продвижение)",SMM,разработать стратегию продвижения
N_cf2529fa4147cb9225b74ee6,"Маркетинг (SMM, реклама, продвижение)",SEO,разработка стратегии SMM
N_cb15bb7b25352a091b5e7f3e,"Маркетинг (SMM, реклама, продвижение)",SMM,Создать пост в социальной сети
N_6e18a179ae66b02301073127,"Маркетинг (SMM, реклама, продвижение)",SMM,размещение анонсов в группах ВКонтакте
N_07269f89974b41ad281f4f16,"Маркетинг (SMM, реклама, продвижение)",SMM,разработка SMM-стратегии
N_7e421392536de0d7f8d5ccee,"Маркетинг (SMM, реклама, продвижение)",SMM,разработка стратегии и контента
N_9f19fccb820776c4dbc99aa1,"Маркетинг (SMM, реклама, продвижение)",SMM,Подготовка постов для соцсетей
N_70496a59d5fc5764d6c62a61,"Маркетинг (SMM, реклама, продвижение)",SMM,разработать SMM-стратегию
N_16b6b10489188fb9ae9ca0da,Дизайн,графический дизайн,создать презентацию и обложку
N_a5f83e70132bf35701651c0e,Дизайн,графический дизайн,разработать сертификаты и презентацию
N_d2fb0a9395b766e443eaede6,Дизайн,графический дизайн,создать баннер и карточку
N_e1ca479fe5ec272a1c36df93,Дизайн,презентации,создать презентацию
N_fb2a2bb88f422e802bd7ed64,Дизайн,графический дизайн,создание слайдов и карточек
N_8dd1ac39cd20c26974a7eacd,Дизайн,графический дизайн,создать баннеры для соцсетей
N_f08969ef79bfca47dad6b8fe,"Маркетинг (SMM, реклама, продвижение)",SMM,создание шаблонов постов и отчета
N_3cb5f15dfd395f92f7bd0df6,Дизайн,графический дизайн,создать чек-листы для соцсетей
N_6d2baaf486c140e2c53d57b7,Дизайн,графический дизайн,создать презентацию
N_5a921a4ae353e0b3c180c4e7,Дизайн,графический дизайн,создать чек-лист и баннер
N_3fe7d8ad21bde892e6aab665,Дизайн,графический дизайн,создать баннер и визуализацию маршрута
N_d1922b9b534fcade0f61e43f,Дизайн,графический дизайн,разработать обложки и презентацию
N_565b54a365e2adbd00622e4c,Дизайн,графический дизайн,создать инфографику и чек-листы
N_ce1ed5231c99d176b602ed37,Дизайн,графический дизайн,создание баннеров и обновление дизайна соцсетей
N_d806e8500c45b75a991cf4ea,Дизайн,графический дизайн,создать презентацию
N_c4346e7c14608b99723deaaa,Дизайн,графический дизайн,создание карточек и обложки
N_6fea66c013e08ba1564865e4,Дизайн,графический дизайн,создание дизайна отчетов
N_9c23e8212a06b9bae94edfa5,Дизайн,графический дизайн,создание баннера и адаптация макета открытки
N_da916d4bfa07872e622e25bc,Дизайн,графический дизайн,редактирование логотипа и создание плаката
N_3438bd786b4b963789f56b6a,Дизайн,графический дизайн,создать баннер для цифрового билборда
N_41d8ff3677aa851c16ef6458,IT-разработка и цифровые сервисы,Word-документы,создать редактируемые документы
N_7b50bfb1266952a66c1368c8,Дизайн,графический дизайн,создать презентацию и инфографику
N_e3e2b1136d92c1b60c64c353,Дизайн,графический дизайн,создать отчет и пост для соцсетей
N_5f949e37fb94f41ad51509c4,Дизайн,графический дизайн,создать годовой отчет PDF
N_c5d7f6d272b31fc44a5becd5,Дизайн,графический дизайн,создать шаблоны и баннер
N_d5f5814f4a531f5530ce308d,Дизайн,графический дизайн,создать графическое оформление
N_33171500f62ec9120a1b40cf,Дизайн,графический дизайн,создать чек-листы и инфографику
N_be301579fb8c9f3f4dc20442,Дизайн,верстка,верстка документов
N_06ac0293a22e1519dd70355c,Дизайн,графический дизайн,создать визуальный чек-лист
N_4363c5f216e74d6f9c71b893,Дизайн,графический дизайн,создать презентацию и годовой отчет
N_15746dabfbde94b279cdc891,IT-разработка и цифровые сервисы,верстка,создать PDF отчет
N_92b3939597eace8e28d9e1aa,Дизайн,графический дизайн,создание годового отчета и обновление соцсетей
N_eb4bc545815fb7d47cfb8c19,Дизайн,графический дизайн,создать баннер и заставку
N_9d98d1742f59b20abe674349,Дизайн,графический дизайн,создать презентацию
N_3df3afa4a1331583d37f8fa1,Дизайн,графический дизайн,создать шаблоны благодарностей
N_f140830262292f22a921eb60,Дизайн,графический дизайн,разработка афиш
N_72cc8413cc96769ebfff1b30,Дизайн,графический дизайн,создание обложек для соцсетей
N_aa8815267effb08aea5b4629,Дизайн,графический дизайн,создание шаблонов презентаций
N_94c9639700cb224eec548325,Дизайн,графический дизайн,разработка макетов для печати и онлайн
N_87738f8140b8fa8bc48840d1,Дизайн,графический дизайн,создание и обновление годового отчета
N_f09a2c476cd222b127659543,Дизайн,графический дизайн,доработка аватарок и обложек
N_de633b156b956ef11b866962,Дизайн,графический дизайн,разработка шаблонов постов и инфографики
N_e68ee06bbade0b630662f35a,Дизайн,графический дизайн,создать чек-лист и иконки
N_0d2ba6b6f40e06846a48c2c4,Дизайн,графический дизайн,создать карточку и презентацию
N_aa7d72a47ac65a50f29d7264,Дизайн,графический дизайн,создать баннеры и карточку отзывов
N_f485865f4fffdfb546b7dcd9,Дизайн,графический дизайн,создать презентацию и методический гайд
N_c444e4247997357ed85ea708,Дизайн,графический дизайн,подготовка годовых отчетов
N_29058b408f95143692ccd326,Дизайн,графический дизайн,создать оформление для соцсетей и баннер
N_89dcb4fe1291b5105a2ff20c,Дизайн,графический дизайн,подготовка ресайзов баннера
N_36e561f226e73f00f8bbd280,Дизайн,графический дизайн,создание баннеров
N_bf87c824a2e55092991873eb,Дизайн,графический дизайн,создать маршрутную карту и приглашение
N_e081771a62688e6e11aa5746,Дизайн,графический дизайн,создать презентацию
N_83356aa5cfc6da87345a74b7,Дизайн,графический дизайн,оформление презентации
N_26c6667789f9925ed388644d,Дизайн,графический дизайн,создать презентации
N_0eedde28c800bf90481d9513,Дизайн,графический дизайн,создать карточки и афишу
N_d16570f2e04431d3d73ad53c,Дизайн,графический дизайн,создание презентации и верстка отчета
N_0b5c86d008dc8d72da53b275,Дизайн,графический дизайн,создать баннер для соцсетей и сайта
N_89a818fff9bab2f63be82a45,Дизайн,графический дизайн,создать презентацию и открытку
N_15d85d42d82e8156d5f5b19d,Дизайн,графический дизайн,создание макетов для соцсетей
N_eacb86fa10b3e6f7ace37821,Дизайн,графический дизайн,разработать презентацию и чек-листы
N_a27ece5d602be4ebb3223404,Дизайн,графический дизайн,создать презентацию с фирменным стилем
N_d35bcda51be55223afbe45ff,Дизайн,графический дизайн,подготовка годового отчета в PDF
N_e453150757f3c6f15bcdbc2c,Дизайн,графический дизайн,создание баннеров и карточек
N_8a1421d164e7a7f3bbd5c787,Дизайн,графический дизайн,создать презентацию
N_ddd190ebd611b20b26f28927,Дизайн,графический дизайн,создать визуальный материал
N_d344550f9b4f8f68a82c13fa,Дизайн,графический дизайн,создать чек-листы и открытку
N_dc97cc4562dda7104602d852,Дизайн,графический дизайн,создать вертикальный баннер
N_dcfb48e85dc9ad07d8698117,Дизайн,графический дизайн,создать гайды и верстку отчета
N_271af8e333a6bdb95d5b75fa,Дизайн,графический дизайн,создать дизайн сертификата и карточки
N_4f74a67e8e3c88450280cbe4,Дизайн,графический дизайн,создать баннеры для сайта и соцсетей
N_d4d16194eb8c7589b0c94af5,Дизайн,графический дизайн,создать карточки и баннер для соцсетей
N_23959d8cc4e20e5d39f3f9bb,Дизайн,графический дизайн,создание баннеров для соцсетей
N_d47f65972848e5b1be88ab5d,Дизайн,графический дизайн,создать визуальные элементы для соцсетей
N_024117b93ab3f11c740f7192,Дизайн,графический дизайн,разработать публичный годовой отчет
N_1810fb66b4a671323c70c66e,Дизайн,графический дизайн,создание шаблона рассылки и верстка PDF
N_79b8b143f4548353c36249cd,Дизайн,графический дизайн,создание презентации и баннера
N_628a2fe12899ad20d120ce4a,Дизайн,графический дизайн,создать инфографику и презентацию
N_dc05b1533a6cf9ef1811c5e7,Дизайн,графический дизайн,создать презентацию
N_b803a4b40e465c225a3808fc,Дизайн,графический дизайн,создать инфографику и обновить дизайн соцсетей
N_6643692d4066fb2d3897e417,"Маркетинг (SMM, реклама, продвижение)",SMM,Создать шаблоны для соцсетей
N_c282ccde1b46ab69576c5a9f,Дизайн,графический дизайн,создать годовой отчет и презентацию
N_49193728bc18636f1a22a89f,Дизайн,графический дизайн,создать элементы фирменного стиля
N_4d5bd207a52f90dfd5646b86,Дизайн,графический дизайн,создать социальные баннеры
N_8d68e16d3b8c78ad260b69fc,Дизайн,графический дизайн,создать презентацию и чек-лист
N_d21a68858401558f3fb97b9e,Дизайн,графический дизайн,создание презентаций
N_a640641f0fd81c14a566a362,Дизайн,графический дизайн,создание валентинок и инфографики
N_f2a1dc8a0580f0f2ffa9f808,Дизайн,графический дизайн,создать презентацию и годовой отчет
N_cec633755f58e53792054206,Дизайн,графический дизайн,создать электронную открытку и афишу
N_1dfa5dce9dfa7b0d2201176b,Дизайн,графический дизайн,создание годового отчета и обложки для YouTube
N_e99070687f969ebdf6301c61,Дизайн,графический дизайн,создать отчет и презентацию
N_2311bc5f5d40928d9db26f8d,Дизайн,графический дизайн,создать креативы и презентацию
N_2e10a19d5f51652d4db63323,Дизайн,графический дизайн,создать презентацию и баннер
N_af323c2562831b8e01296e17,Копирайтинг и редакция текста,копирайтинг,создание шаблонов для соцсетей
N_e5d79d964a57e89542008191,Дизайн,графический дизайн,создать презентацию и инфографику
N_4000c9475af048cc1e215346,Дизайн,графический дизайн,создать годовой отчет и презентацию
N_cead4bc17a52f21ccf76ed9b,Дизайн,графический дизайн,создание баннеров и креативов
N_58615dd00e4fc13c50eb07ba,Дизайн,графический дизайн,создать презентацию
N_6649738a93ce24509e898efa,Дизайн,графический дизайн,создание баннеров
N_8ff5dd9680324ebe5493ed38,Дизайн,графический дизайн,создать аватарку и чек-лист
N_66646771c98ef7873028bbeb,"Маркетинг (SMM, реклама, продвижение)",SMM,создание шаблонов и инфографики
N_512f79040478c00aee4bf266,Дизайн,графический дизайн,создать аватарку и карточку
N_230a6f1e8abb799645be8003,Дизайн,графический дизайн,создать карточки и памятку
N_2aa7e1d463245bda24ddd6f9,Дизайн,графический дизайн,выполнить визуальное оформление группы ВК
N_d81c245dd6d33021c7ea1aaf,Дизайн,графический дизайн,создать баннер и презентацию
N_8e6319efea93d41bbda93126,Дизайн,графический дизайн,создать баннер и оформить соцсети
N_948964258c03106737b8a374,Дизайн,графический дизайн,создание информационных карточек
N_d5cc3e0cdaff569e0f44b45f,"Маркетинг (SMM, реклама, продвижение)",PR,создание PR-плана
N_dcc952bf69d7854a4e74efc1,IT-разработка и цифровые сервисы,аудит сайта,аудит и улучшение UX сайта
N_d0c5c57f9aba8949e7c1bbe0,"Маркетинг (SMM, реклама, продвижение)",PR-стратегии,разработать PR-стратегию
N_8fb6a77e8c918b8a61e9f550,Копирайтинг и редакция текста,копирайтинг,Подготовить тексты для презентации
N_acc1d0471a31c2829d6b9eaf,Дизайн,графический дизайн,создать презентацию и стратегию продвижения
N_c4bbd1eb20fe50e6366b6032,"Маркетинг (SMM, реклама, продвижение)",стратегия маркетинга,разработать маркетинговую стратегию
N_4e2d20c51f57c4b4fceeaae8,"Маркетинг (SMM, реклама, продвижение)",аналитика,Провести исследование и анализ
N_767cde65720207b3a6e52495,"Маркетинг (SMM, реклама, продвижение)",PR-стратегия,разработать PR-стратегию
N_db1418b2ee3bb0f8168c61b9,"Маркетинг (SMM, реклама, продвижение)",стратегия маркетинга,разработать стратегию продвижения
N_bc2cbb011c4ab30aa6ce3742,"Маркетинг (SMM, реклама, продвижение)",фандрайзинг,разработать стратегию привлечения спонсоров
N_8437a44146693e035059757e,Юриспруденция,финансы,создать смету и план взаимодействия с донорами
N_a97c1a63759e4b37a321feeb,"Маркетинг (SMM, реклама, продвижение)",фандрайзинг,разработать фандрайзинговую кампанию
N_a2d1ef7bad385661de212c34,Юриспруденция,гранты и поддержка организаций,подготовка грантовых заявок
N_93d41571c537789a3fab6fcc,Юриспруденция,гранты и субсидии,доработка грантовой заявки
N_8e90ef24f0ec9a1525dc8e1a,Юриспруденция,гранты и субсидии,подготовка грантовой заявки
N_9180e2100113242900e1ac45,"Маркетинг (SMM, реклама, продвижение)",фандрайзинг,разработать фандрайзинговую кампанию
N_2bc5e8cdff6a118215568852,"Маркетинг (SMM, реклама, продвижение)",фандрайзинг,разработать стратегию продвижения
N_6428ac285a6d51297d33bc75,копирайтинг и редакция текста,корректура,подготовка и редактирование текста
N_30a5aeb589b670277cf8035c,"Маркетинг (SMM, реклама, продвижение)",фандрайзинг,разработать фандрайзинговую кампанию
N_6c549503a83f4ef37bb7bc7b,Юриспруденция,бухгалтерия,заполнение бухгалтерской отчетности
N_93ba09d7c19c760c868e93a4,"Маркетинг (SMM, реклама, продвижение)",фандрайзинг,придумать флешмоб и письмо-просьбу
N_58d26af5bcc0f8d00a677760,копирайтинг и редакция текста,корректура,улучшение текста грантовой заявки
N_7f1f22b6f6332ea9242f59f1,Копирайтинг и редакция текста,копирайтинг,подготовка и редактирование текстов
N_443d59e1a8bd32a240617cbb,Дизайн,графический дизайн,создать макеты и логотип
N_4213b16dafb6563a1635bcba,Дизайн,графический дизайн,разработка брендбука
N_23ff8e0f5314e8f7d5de9715,Дизайн,графический дизайн,разработать дизайн сувенирной продукции
N_fbd5610076cba3a25757395f,Переводы,письменный перевод,перевести документ
N_f04056d4e189ff732c6b6425,Дизайн,графический дизайн,разработать фирменный стиль
N_d3c1def4bcd1d735f9da5755,Дизайн,графический дизайн,разработать дизайн печатной продукции
N_d6fc0789a91ec894b81f3690,Дизайн,графический дизайн,создать факсимильную печать и логотип
N_8eb2a3c6bbbe527484ab21b0,Дизайн,графический дизайн,разработать наклейки для организации
N_c43325f67ac81335940ae959,Дизайн,графический дизайн,отредактировать логотип и создать монохромную версию
N_bb5e6d2becd8677fb865bc46,Дизайн,графический дизайн,создать логотип и фирменный стиль
N_b5f584729adb5d1b306197a8,Дизайн,графический дизайн,обновить бланк письма и логотип
N_3ef749a12a103904c3b76e40,Дизайн,графический дизайн,разработать дизайн значка и этикеток
N_4683ce58e06f925613a70012,Дизайн,графический дизайн,создать логотип
N_94656f0ca7ddf96edbdfe096,Дизайн,графический дизайн,разработать мерч и магниты
N_3a34b401dccbe92b633ce9c2,Дизайн,графический дизайн,разработать дизайн сувенирной продукции
N_eef6834748441aa9619b6d37,Дизайн,графический дизайн,разработка логотипа
N_5362a85ca7fad410570b4cb1,Дизайн,графический дизайн,создать брендбук и дизайн письма
N_a6dde3ebed5d4d3758802d70,Дизайн,графический дизайн,создать брендбук
N_325e4535f7f61ec8f9d488ba,Дизайн,графический дизайн,разработать макеты сувенирной продукции
N_0e23ebcf9a6ee815a2b48820,Дизайн,графический дизайн,создать логотип
N_7690b8ca4bccde189d4db3fe,Дизайн,графический дизайн,создать логотип и сопроводительные материалы
N_2606b3bf909610cd55ca7949,Копирайтинг и редакция текста,редактура,добавить субтитры и отредактировать видео
N_cc00d24f2e6e1f2b6fbdb0a4,"Фото и видеосъемка, монтаж",videomontazh,смонтировать видеоролик с субтитрами
N_b432eedb688ba4b9d1102a1c,Переводы,письменный перевод,перевести ролик и документ
N_b7966b39a89f119f38816017,Копирайтинг и редакция текста,редактура,редактирование текстов
N_28319a2e8fd485af16979b2f,"Фото и видеосъемка, монтаж",videomontazh,создать видеоролик
N_1f3d7abc721a9b6658461c9b,"Фото и видеосъемка, монтаж",видеомонтаж,смонтировать видеоролик
N_e583de3dd7d385dad3c3a96f,"Маркетинг (SMM, реклама, продвижение)",фотообработка,обработать и подготовить фото
N_d952c0af43f216d74dfe710d,"Фото и видеосъемка, монтаж",videomontazh,смонтировать видеоролик
N_1b72c366c9d95184b5fe1fca,Дизайн,videomontazh,создание комплекта элементов фирменного стиля
N_b8bc2e5a972912ee53653857,Копирайтинг и редакция текста,обработка фотографий,добавление текста на фото
N_aa8ab9f14fbd6947d5a2d917,Юриспруденция,юридическая помощь,подготовка юридического документа
N_f9f593570a72b87ca7a74dca,Юриспруденция,договорное право,юридическая проверка договора
N_b0fa856db3c122b7587855d8,Юриспруденция,консультация,проконсультировать по юридическим вопросам
N_327fc2d4e09b853c670e1b93,Юриспруденция,юридическое сопровождение,обновление устава и документов
N_66436011fd1da8c2deced897,Юриспруденция,консультация юриста,подготовка юридических документов
N_1baef5d2f27592e420daad4b,Юриспруденция,юридическая консультация,подготовка документации по переходу опекунства
N_5c79824ef02cdb4f077d68fe,Юриспруденция,правовая консультация,подготовка пользовательского соглашения
N_897df110a2ccf3f76171c05d,Юриспруденция,юридическая консультация,проверка договоров
N_884f57aa0f27cb193481edf7,Юриспруденция,юридические консультации,подготовка юридического заключения
N_714aeb76a2b129672d483ecd,Юриспруденция,договорное право,подготовка договора
N_71df7301ed30050c02556f5f,Юриспруденция,юридическое сопровождение,подготовка документов
N_3adf394442b2d9e35407fb30,Юриспруденция,пишущий перевод,подготовка юридических документов
N_bc611eb93a72deda2ed1763a,Юриспруденция,юридическая консультация,проверка и подготовка договоров
N_c986abeca0632ed01a8c21d2,Юриспруденция,юридические услуги,подготовка документов
N_62b5b8858bb1e977b4897e7f,Юриспруденция,консультация,оценка рисков микрозаймов
N_9452ce9ec5f51efb858993e1,Юриспруденция,юридические консультации,подготовка документов
N_1696cf842474ec592c9fa7a8,Юриспруденция,консультация,подготовка юридического документа
N_177aa48d18351c51166c7652,Юриспруденция,договорное право,составить договор и оферту
N_5a7021e30c0f1dd38595ba59,Юриспруденция,консультация,подготовка юридического документа
N_293821bfa9d51d5050520ad4,Юриспруденция,консультация,подготовка юридического документа
N_727420bc38d9bdbf2ee666b7,Юриспруденция,корректура документов,Проверка и доработка документов
N_cad3ff96088efc495ba7c299,Юриспруденция,юридическое сопровождение,составление договора
N_0e09e1d0e7bb78a21529523a,Юриспруденция,юридическая консультация,подготовка юридического документа
N_3de6d8dfc29e93a43bb9e93c,Юриспруденция,консультация,подготовка юридического документа
N_7a6764afe56fd0880309b28b,Юриспруденция,юридические консультации,подготовка публичной оферты
N_fd643cb9d0a550604caa1b58,Юриспруденция,международное право,составить договор и претензию
N_8c1b8aef8275edfafd4d886d,Юриспруденция,юридический анализ,подготовить юридический документ
N_dc0d8ed4d39cc1ada3e36e3c,Юриспруденция,юридическое сопровождение,подготовка документов для регистрации АНО
N_ca032fa879ecd538d564aae0,Юриспруденция,консультация,подготовка юридического документа
N_1d545e8eef19d0b8ca825c69,Юриспруденция,консультации,обновление договора оферты
N_c094ba1c2141e6e8e177b4e8,Юриспруденция,юридическая консультация,подготовка документов по пожарной безопасности
N_e5dba050fc659ab2254b39e5,Юриспруденция,договорная практика,подготовка договора и консультация
N_224a63bf6ed014ccc291bbdd,Юриспруденция,юридическое сопровождение,составить и проверить документы
N_202333be7e042843c4e500d6,Юриспруденция,юридическое консультирование,подготовка договора
N_acd35e40a12662dd950ddfb4,Юриспруденция,юридическая консультация,подготовка правовой позиции
N_2f07c5f070963a80b8d25411,Юриспруденция,юридические документы,подготовка документов
N_aac55d601e8d01cda0e70573,Юриспруденция,юридические консультации,разработать рекомендации по СОУТ
N_d99c5917c49a05a2d27715f9,Юриспруденция,договорное право,проверка и адаптация договора
N_df8f6ac5a773695498392013,Юриспруденция,корректировка документов,проверка и доработка договоров
N_f46fe1b565bd7355672500e2,Юриспруденция,консультация по договорам,составить договор пожертвования
N_59c8d5ca8f8e923a11a7501e,Юриспруденция,юридические консультации,подготовка соглашения и консультация
N_b1147dc0153b7ba04d39d3fc,Юриспруденция,разработка договоров,разработать шаблон договора
N_cbeeed343ad90914d87cec53,Юриспруденция,консультация,подготовка юридического документа
N_a06045ae8ca99bf2be5c4db9,Юриспруденция,договорная практика,подготовка договора публичной оферты
N_27665c60daba05d6eb99e066,Юриспруденция,ликвидация организации,подготовка документов по ликвидации
N_fc0a434fed830f3eb056deda,Юриспруденция,договорное право,подготовка договоров
N_3327ff70450975eed68f474f,Юриспруденция,юридическое консультирование,составление документов
N_1712a456b5604e638f4659f3,Юриспруденция,юридическое сопровождение,подготовка документов
N_10f74857e3cc54ebc1b566a6,Юриспруденция,договорное право,подготовка договоров ГПХ
N_9647d50e33bd26cd7598a3c3,IT-разработка и цифровые сервисы,разработка сайтов,создать сайт с онлайн-пожертвованиями
N_554d0db99c1ff925070217a8,"Маркетинг (SMM, реклама, продвижение)",videomontazh,создать видеоролики
N_01b9a1de11992a913853d7f5,IT-разработка и цифровые сервисы,тестирование,структурировать отзывы
N_2bf3e0412cf3914ec23bf849,Дизайн,графический дизайн,доработать брендбук и оформить письма
N_44be9e261ba329ad05123bab,Копирайтинг и редакция текста,корректура,отредактировать текст вакансии
N_4dbc8989f9acbcce2b584b9c,IT-разработка и цифровые сервисы,дизайн,обновление сайта и анализ
N_457acb8b40fb5711e55e0391,Юриспруденция,консультация,подготовка договора
N_4ee8f6a393b937049f94ae79,Копирайтинг и редакция текста,копирайтинг,подготовить текст письма
N_7f44b5a70ac846405f4d8316,Переводы,письменный перевод,перевести документ на немецкий
N_19b639d28582fd23f1473f2a,IT-разработка и цифровые сервисы,настройка платежных систем,настроить платежную систему на сайте
N_a6c57f537bd89ff8b425619a,"Маркетинг (SMM, реклама, продвижение)", reklama,настройка контекстной рекламы
N_3a472a4057864dc30d43bceb,Юриспруденция,юридическая консультация,подготовка юридического документа
N_e178210d90056ca52c584bf6,"Маркетинг (SMM, реклама, продвижение)",HR-поиск,Подбор кандидатов на вакансии
N_b41d5e55654c07fa76d6161b,Копирайтинг и редакция текста,корректура,редактировать текст и расшифровывать аудиозаписи
N_3f02ff83fc5d76c5ba2f9ae9,Юриспруденция,юридическое консультирование,составить договор
N_ec45d8072fd48433277a17b0,Дизайн,"фото и видеосъемка, монтаж",создание дизайна и видео
N_fad0afa68525f0c4285066b1,IT-разработка и цифровые сервисы,SEO,выполнить SEO-аудит сайта
N_acc2ec6c5e8fe15776a535ac,Дизайн,графический дизайн,разработка фирменного стиля
N_3a6a07dc4711b64eb64214e7,IT-разработка и цифровые сервисы,Telegram-боты,разработка чат-бота для рассылки анонсов
N_8a16c7f4e04a628227f062b1,"Фото и видеосъемка, монтаж",videomontazh,смонтировать видеоролики
N_7789168c3349f2e278b8bb0c,Копирайтинг и редакция текста,копирайтинг,подготовка и редактирование текстов
N_5f7ebd2952330f3fde21fd3c,Помощь на дому,уборка помещений,проводить уборку жилого помещения
N_e396ce784fee2b4f1c626d0d,Помощь на дому,уборка помещений,выполнить уборку дома
N_87ac26c94a28a1ff912df44e,Помощь на дому,уборка помещений,проводить генеральную уборку
N_81f25f5f0bec6894e996e0a9,Помощь на дому,уборка помещений,выполнить уборку дома
N_9eb2b1f7efa82ee0377488f1,Помощь на дому,уборка помещений,проводить уборку
N_f1c98e1ccb1ba8fcdac916ab,Помощь на дому,уборка помещений,выполнить глубокую уборку дома
N_8cd1e746b2447d6eb89f25cd,Помощь на дому,уборка помещений,выполнить работу по дому
N_16bb10206c1e04202042444b,Помощь на дому,уборка помещений,привести в порядок хозяйственные принадлежности
N_8bf2a883faf56098b8b0993d,Помощь на дому,уборка помещений,выполнить работу по дому
N_f56814d60f28409ce77c91e3,Помощь на дому,уборка помещений,выполнить уборку и организацию
N_1351e022328e349bbe13d53f,Помощь на дому,уборка помещений,выполнить работу по дому
N_e8bb6e6b133a9bb3d048c77e,Помощь на дому,уборка помещений,привести в порядок хозяйственные принадлежности
N_c6602a37fa08db9399c899f7,Строительство и ремонт,уборка помещений,вскапывать огород
N_fab27b26823761ffa3a95dbc,Строительство и ремонт,уборка помещений,привести двор в порядок
N_e78666e6d46cfb844eceab6b,строительство и ремонт,уборка помещений,вскапывать огород
N_7971bd709f9d5dac95112451,Помощь на дому,уборка помещений,выполнить уборку двора
N_5aa6dfb48366fabd2efd2598,Строительство и ремонт,уборка помещений,вскапывать огород
N_c68fb1182d9a16cd40ccd8e1,Помощь на дому,уборка помещений,привести двор в порядок
N_d2e9e74f60cbed45b5b90358,Строительство и ремонт,ремонт печей,диагностика и ремонт печи
N_05f481a44dc84c9004441c1f,Строительство и ремонт,ремонт печей,исправить печь
N_53160840ab7cd24e5bec7d17,Строительство и ремонт,ремонт печей,диагностика и устранение неисправностей печи
N_8958b88191244b4f8509f422,Строительство и ремонт,ремонт печей,исправить печь
N_69617fe4a5ba2b929a885303,Строительство и ремонт,ремонт печей,диагностика и ремонт печи
N_e3babec7918747a79469ef5d,Строительство и ремонт,ремонт печей,восстановить печь
N_7a3cf465b0990f872d423e21,Строительство и ремонт,ремонт кровли,осмотр и ремонт крыши
N_c11b1f80d2f9e64aaca60a0d,Строительство и ремонт,ремонт кровли,ремонт участка кровли
N_5fe2e7965d8478ddeb356610,Строительство и ремонт,ремонт кровли,осмотр и ремонт крыши
N_cde72721a2e1ab817e0e17a5,Строительство и ремонт,ремонт кровли,ремонт кровли частного дома
N_6b97401d1640b6ec504e5173,Строительство и ремонт,ремонт кровли,осмотр и ремонт крыши
N_abed26f0283ed4d2d210bcb7,Строительство и ремонт,ремонт кровли,ремонт кровли частного дома
N_0bd87a2ce1d22f7f5ffaf22d,Строительство и ремонт,ремонт электропроводки,заменить неисправную розетку
N_3837582aec995e7e17b12e23,Строительство и ремонт,ремонт электропроводки,заменить выключатель и проверить проводку
N_f301746ed6f57243a972d695,Строительство и ремонт,ремонт помещений,заменить розетку и проверить подключение
N_0fef695f43aaecf1fedb6563,Строительство и ремонт,ремонт электропроводки,"заменить выключатель, проверить проводку"
N_1a673987cc4da9eae0aa5ff3,Строительство и ремонт,ремонт электропроводки,заменить розетку и проверить подключение
N_34b1b135f28509235106d8c2,Строительство и ремонт,ремонт электропроводки,"заменить выключатель, проверить проводку"
N_e23e7a4c4bac821a6a54078c,Помощь на дому,ремонт,устранить бытовые неисправности
N_5b1782b15839a7bd84888cce,ремонт,мебельный ремонт,закрепить расшатавшиеся элементы
N_c2d763b34523fc8532b0fe02,Помощь на дому,ремонт,устранить бытовые неисправности
N_8ed8e1ddc8080d81b674da05,Строительство и ремонт,ремонт мебели,закрепить расшатавшиеся элементы
N_25337e688697260e3af3c050,Помощь на дому,ремонт,устранить бытовые неисправности
N_a6bd531b04bd3d6e16c1664d,Строительство и ремонт,ремонт мебели,закрепить расшатавшиеся элементы
N_d8223f262b07e57643f7910f,Строительство и ремонт,ремонт помещений,установка поручней
N_46df882e14c4dc1f1652aa2e,Строительство и ремонт,ремонт помещений,демонтаж портала
N_de97a0082111c7d7cf4301a8,Строительство и ремонт,ремонт помещений,установка поручней
N_8b0be13027ad3bbaf8a33f8f,Строительство и ремонт,ремонт помещений,демонтаж портала
N_9120b6dfa3b33e9391944615,Строительство и ремонт,ремонт помещений,установка поручней
N_1d4e42f2ab95df6069df69ee,Строительство и ремонт,ремонт помещений,демонтаж порtha
N_ea507ab54c1ba1fa77aab034,Строительство и ремонт,сборка мебели,собрать шкаф
N_98e9c79e69252ee4b72c673e,строительство и ремонт,сборка мебели,собрать мебель
N_33b998e0f09405db1fcb48d1,строительство и ремонт,сборка мебели,собрать шкаф
N_70abe3167ddd2566f6ebae3c,строительство и ремонт,сборка мебели,собрать мебель и подготовить отчёт
N_f602a8c9cc48340edd54bb8e,"Логистика, перевозки",грузоперевозки,перевезти и собрать мебель
N_6915bdb3df183fed8bbbe684,строительство и ремонт,сборка мебели,собрать мебель
N_ec93411457db8982b163b629,Помощь на дому,уборка помещений,выездной парикмахер
N_cf9ec46762739d2fc1de9098,Помощь на дому,уборка помещений,выездной парикмахер
N_6d8ebc1c1d83ebdc598c42aa,Помощь на дому,уборка помещений,выездной парикмахер
N_6197b1c156d15c0d05ec3cff,Помощь на дому,парикмахерские услуги,выполнить индивидуальную стрижку
N_ffaaa8db28027b900464221d,Помощь на дому,уборка помещений,выездной парикмахер
N_c433b42838e5feb9166f9012,Помощь на дому,уборка помещений,выездной парикмахер
N_6186892cca7ced38d47ced5b,"Логистика, перевозки",грузоперевозки,доставить дрова до дома
N_5f98eb3a8a4905a7b0d277aa,"Логистика, перевозки",грузоперевозки,организовать доставку дров
N_fbb6d17fa872859bebbb770e,"Логистика, перевозки",грузоперевозки,доставить дрова до дома
N_d8b740b5e65c38169b9bb5d7,"Логистика, перевозки",грузоперевозки,организовать доставку дров
N_0a38c1a2981f00287b6e0dff,"Логистика, перевозки",грузоперевозки,доставить дрова до дома
N_2701f280a93aeb332eeb5786,"Логистика, перевозки",грузоперевозки,организовать доставку дров
N_f036bee68785a3a9cbd79269,"Логистика, перевозки",грузоперевозки,перевезти мебель и вещи
N_6368626da1f5c87f321524aa,"Логистика, перевозки",грузоперевозки,перевезти вещи
N_a564fe91f4b6c8d17834aa4f,"Логистика, перевозки",грузоперевозки,перевезти мебель и вещи
N_d54250987047fc6de28066b0,"Логистика, перевозки",грузоперевозки,перевезти вещи
N_1e8615af1bbb1ce835c8c776,"Логистика, перевозки",грузоперевозки,перевезти мебель и вещи
N_bec75410682ab66cfdb6cfa3,"Логистика, перевозки",грузоперевозки,перевезти вещи
N_34e81520f0fee93f86e4b6e2,"Фото и видеосъемка, монтаж",фотосъёмка,снять работу фонда
N_1e3385a4f9d52791a4b06f41,"Фото и видеосъемка, монтаж",фотосъемка,снять мероприятие
N_90e47302e9290b57ad07284f,"Фото и видеосъемка, монтаж",фотосъёмка,проводить фотосъёмку
N_8bcb1eb0765df7c3cbf84c3e,"Фото и видеосъемка, монтаж",фотография,снять мероприятие
N_cf2c122a5c2dff0e31b3a313,"Фото и видеосъемка, монтаж",фотосъёмка,проводить фотосъёмку
N_75df9825bbf1bc7eaefa6ea2,"Фото и видеосъемка, монтаж",фотография,снять мероприятие
