need_id,category,fold
N_0084a2e99bee2145e45cbec9,Копирайтинг и редакция текста,4
N_010d1cd4b3dabaa37f416f09,Дизайн,1
N_015e788e6499d8516b9912b5,Копирайтинг и редакция текста,4
N_01b9a1de11992a913853d7f5,IT-разработка и цифровые сервисы,1
N_020001e73a19d36d395956e2,Дизайн,3
N_024117b93ab3f11c740f7192,Дизайн,4
N_02d9d5a9ea4362a32da96971,Копирайтинг и редакция текста,4
N_04736dac521cf32c766f4635,Переводы,2
N_047578757993b3fc13e828b4,Копирайтинг и редакция текста,2
N_0477926007b1b19fb7344401,"Маркетинг (SMM, реклама, продвижение)",3
N_048d51a36772a82acfae331a,IT-разработка и цифровые сервисы,4
N_059226a27b0a091276ee413e,Копирайтинг и редакция текста,2
N_05dbc0965cef5ae2ea6d0b18,Дизайн,1
N_06588f2889c9810db7e3bc4d,IT-разработка и цифровые сервисы,3
N_07269f89974b41ad281f4f16,"Маркетинг (SMM, реклама, продвижение)",1
N_07f3a67aad5636cf5a0b6d19,Дизайн,3
N_0808318dbb21c4e4c1f61fc3,IT-разработка и цифровые сервисы,0
N_08da6bfed65ee257bc8b8bd4,"Маркетинг (SMM, реклама, продвижение)",3
N_09e6010006f401f8d2ef5f56,Дизайн,4
N_0a38c1a2981f00287b6e0dff,"Логистика, перевозки",2
N_0a60f69706dbda7a18145fb0,IT-разработка и цифровые сервисы,2
N_0aca4b3d744ee2ccd293ced9,"Фото и видеосъемка, монтаж",0
N_0ad3025eea20fd2e264d4472,Дизайн,1
N_0b188abdf341c8956613777f,Копирайтинг и редакция текста,1
N_0b2de75be97a53c542d85b71,Дизайн,2
N_0b5c86d008dc8d72da53b275,Дизайн,0
N_0bacc27d074cbc10246bef80,Юриспруденция,1
N_0bd87a2ce1d22f7f5ffaf22d,Строительство и ремонт,3
N_0cb0f913b4cb255c0c7545ba,"Маркетинг (SMM, реклама, продвижение)",2
N_0cd379fd6749f5fc437683bf,IT-разработка и цифровые сервисы,1
N_0cf8c2fd906bc64c037972a7,Копирайтинг и редакция текста,2
N_0e23ebcf9a6ee815a2b48820,Дизайн,3
N_0e3eda7bf172cd2bac80a59f,Копирайтинг и редакция текста,1
N_0eedde28c800bf90481d9513,Дизайн,3
N_0efe10a6b9fb190bf4ccc7a1,Дизайн,2
N_0f639f271630263cd3519630,Дизайн,4
N_0fb81f9237ecbb9e69453a5f,Копирайтинг и редакция текста,0
N_0fd0cfbade8078e585ba0c1c,Дизайн,3
N_0fef695f43aaecf1fedb6563,Строительство и ремонт,0
N_1023ba9626483b08f92287a6,Дизайн,4
N_10f74857e3cc54ebc1b566a6,Юриспруденция,0
N_112bd7dfe5b16160596d54e2,Дизайн,3
N_115000fdb71b0c268fe2c0ec,Дизайн,2
N_1219eab0825945f1c3c8f55b,Дизайн,0
N_1255d9001e441529db53b098,Дизайн,2
N_1305dad528ed3223f9b8b460,Юриспруденция,0
N_1351e022328e349bbe13d53f,Помощь на дому,2
N_138e351302f0df54225855fa,Дизайн,3
N_13f52035148f73108e2dac31,Дизайн,4
N_14434e02d21b9fc53dc606e8,Юриспруденция,4
N_14451b481fa6be17f14561a2,"Маркетинг (SMM, реклама, продвижение)",4
N_1479a8d555f562ca8d1a4df2,"Маркетинг (SMM, реклама, продвижение)",3
N_14da9be73a9a483888b9aa44,Дизайн,4
N_15746dabfbde94b279cdc891,IT-разработка и цифровые сервисы,0
N_15e4011196f93475b857746b,Дизайн,3
N_166fdbcf7e3a4265566dd25d,Дизайн,4
N_1696cf842474ec592c9fa7a8,Юриспруденция,4
N_169bf49245186d61f140cb2a,Дизайн,1
N_16b6b10489188fb9ae9ca0da,Дизайн,3
N_16bb10206c1e04202042444b,Помощь на дому,0
N_1712a456b5604e638f4659f3,Юриспруденция,0
N_178ca1bc97def4d8fb6e0994,Юриспруденция,3
N_1810fb66b4a671323c70c66e,Дизайн,0
N_184eea6951a86bf1e6c5cde1,IT-разработка и цифровые сервисы,3
N_1861bc6068f714bd3fdfa3f8,IT-разработка и цифровые сервисы,3
N_186606deecf58dd237442d1a,Дизайн,0
N_1872d41099fa89d6b20cb99c,Дизайн,2
N_188a6cd9c3a28e7b77accc3d,Копирайтинг и редакция текста,3
N_196264d46dc401ad3bf17bfb,Копирайтинг и редакция текста,0
N_1988f0f4fdf70ec61b8dca66,Дизайн,4
N_19b639d28582fd23f1473f2a,IT-разработка и цифровые сервисы,2
N_1ae049c5fd1cb1bcda6c018b,"Маркетинг (SMM, реклама, продвижение)",0
N_1b66152831be76cbe812fd70,Дизайн,4
N_1b72c366c9d95184b5fe1fca,Дизайн,2
N_1b81dca9aeea6cbfaa7610a3,IT-разработка и цифровые сервисы,4
N_1ba191e38237b81dede66151,Дизайн,4
N_1baef5d2f27592e420daad4b,Юриспруденция,0
N_1c4618cb4374b8a3af81a2a3,Дизайн,3
N_1d4e42f2ab95df6069df69ee,Строительство и ремонт,2
N_1d4f2456cc8b7409ffc95ad1,IT-разработка и цифровые сервисы,4
N_1df3b330fda76c0a5bed5b6b,IT-разработка и цифровые сервисы,2
N_1dfa5dce9dfa7b0d2201176b,Дизайн,3
N_1e2b6df5fb0129d313e3a1bd,Переводы,3
N_1e3385a4f9d52791a4b06f41,"Фото и видеосъемка, монтаж",0
N_1f0162192df688ff58a1a26d,IT-разработка и цифровые сервисы,1
N_1f719b8471e2d4136ffa7cf3,"Маркетинг (SMM, реклама, продвижение)",4
N_202333be7e042843c4e500d6,Юриспруденция,0
N_209ea42e976d0214ea975ad6,Дизайн,3
N_21cf460e30ac1164f8529ff0,IT-разработка и цифровые сервисы,3
N_2246b28dbf02ff835290cc6e,Юриспруденция,4
N_224a63bf6ed014ccc291bbdd,Юриспруденция,2
N_2292c02a70509311bdd37c85,IT-разработка и цифровые сервисы,1
N_22bd455b99c17ebbb1fe1686,"Фото и видеосъемка, монтаж",1
N_2303ff6807953ce9b8b7474b,IT-разработка и цифровые сервисы,0
N_230a6f1e8abb799645be8003,Дизайн,0
N_2311bc5f5d40928d9db26f8d,Дизайн,3
N_23959d8cc4e20e5d39f3f9bb,Дизайн,2
N_23a093321895ee69436e21c4,Дизайн,1
N_23ff8e0f5314e8f7d5de9715,Дизайн,4
N_2410eaf5b2ee956a92126725,Копирайтинг и редакция текста,3
N_2434fc72d063a71639c0eed4,Копирайтинг и редакция текста,0
N_24355061d107d706588eda87,Юриспруденция,4
N_251e803e9bbdb5c0f55ce0f2,"Маркетинг (SMM, реклама, продвижение)",1
N_25337e688697260e3af3c050,Помощь на дому,2
N_2606b3bf909610cd55ca7949,Копирайтинг и редакция текста,1
N_2620740a96d2791070b0ba24,Копирайтинг и редакция текста,3
N_26c6667789f9925ed388644d,Дизайн,1
N_26c7e976c8161488ab704d3c,IT-разработка и цифровые сервисы,2
N_26cca27551c756ef699942d3,Дизайн,2
N_2701f280a93aeb332eeb5786,"Логистика, перевозки",3
N_2752509afe0ff99bc0816a6d,IT-разработка и цифровые сервисы,2
N_27665c60daba05d6eb99e066,Юриспруденция,1
N_27b1821119d6eb6d663e4975,IT-разработка и цифровые сервисы,3
N_27dac28fbfafa135b89d8777,IT-разработка и цифровые сервисы,2
N_280fc089ce5f5e5f922b51cd,Копирайтинг и редакция текста,2
N_28319a2e8fd485af16979b2f,"Фото и видеосъемка, монтаж",1
N_285bbb813c62fa3a8a5317bd,Дизайн,0
N_289611890d600337943cfbd4,Копирайтинг и редакция текста,4
N_289b248112d208874af4a2f2,IT-разработка и цифровые сервисы,3
N_29058b408f95143692ccd326,Дизайн,2
N_293821bfa9d51d5050520ad4,Юриспруденция,4
N_2a29774dee3dfe0e65f9d8f9,"Маркетинг (SMM, реклама, продвижение)",0
N_2a6dfb31ddbb65bfcc6de9ee,Дизайн,1
N_2aa7e1d463245bda24ddd6f9,Дизайн,0
N_2af82fb22bacf56fb41c3cb2,Дизайн,4
N_2afdb6284932c62932e59046,Копирайтинг и редакция текста,1
N_2afef2af1534c59cc5f6cbfe,Юриспруденция,3
N_2b77c83daeb63db058fd6217,Юриспруденция,1
N_2bc5e8cdff6a118215568852,"Маркетинг (SMM, реклама, продвижение)",0
N_2bf3e0412cf3914ec23bf849,Дизайн,4
N_2c285e699db3c10bd0d3a487,Копирайтинг и редакция текста,2
N_2ca8deae12195fb4086f1312,Дизайн,2
N_2cae22c9658dd77f83b715b0,Копирайтинг и редакция текста,2
N_2ce59bb0050d4a94fcb1dea4,IT-разработка и цифровые сервисы,4
N_2e10a19d5f51652d4db63323,Дизайн,2
N_2e13d235ee639f319c3ddc5b,Копирайтинг и редакция текста,1
N_2e31eec45d2581ee38b318cb,Дизайн,0
N_2e521fb616e4a3a4d0181562,IT-разработка и цифровые сервисы,2
N_2eb6554c01f10347a7bdd171,Юриспруденция,4
N_2f07c5f070963a80b8d25411,Юриспруденция,3
N_2f8a4c444dad9dc1874a6405,IT-разработка и цифровые сервисы,3
N_2fb88915c58076099bbc7a0c,Копирайтинг и редакция текста,2
N_2fe19c2872026bf89bde3627,IT-разработка и цифровые сервисы,2
N_301482151ad785f37b370e6f,"Маркетинг (SMM, реклама, продвижение)",1
N_306c8807c3b1dd0320ce70a4,Дизайн,4
N_307f116f6445b19fb841737d,Дизайн,4
N_30a5aeb589b670277cf8035c,"Маркетинг (SMM, реклама, продвижение)",1
N_316ce644db2250001fc56f1d,"Маркетинг (SMM, реклама, продвижение)",3
N_325e4535f7f61ec8f9d488ba,Дизайн,2
N_32681415309b575d6eec050b,Копирайтинг и редакция текста,0
N_327fc2d4e09b853c670e1b93,Юриспруденция,3
N_328aa949622805cae4b03167,Юриспруденция,4
N_33171500f62ec9120a1b40cf,Дизайн,2
N_3327ff70450975eed68f474f,Юриспруденция,0
N_33346363a66c60de9ba7ff4d,IT-разработка и цифровые сервисы,4
N_33b96c133a5be3ec678be241,Юриспруденция,1
N_33b998e0f09405db1fcb48d1,Строительство и ремонт,3
N_33cc66235f33ee0ee6a6658d,"Маркетинг (SMM, реклама, продвижение)",2
N_3438bd786b4b963789f56b6a,Дизайн,3
N_34b1b135f28509235106d8c2,Строительство и ремонт,4
N_34b3c81a0bfce96dbba414b5,Копирайтинг и редакция текста,4
N_34daf95160139b1af2b2781d,"Маркетинг (SMM, реклама, продвижение)",3
N_34e79a0627eed6a65ceed4a5,Копирайтинг и редакция текста,3
N_357a1efcd5f8a55cee19e682,IT-разработка и цифровые сервисы,2
N_35876a10e1f26b271f445dda,Дизайн,0
N_3597ca873eb237eebdf59266,"Маркетинг (SMM, реклама, продвижение)",2
N_3616351efaa44add1cef9273,Копирайтинг и редакция текста,1
N_3661342ebff384f33284d580,Дизайн,0
N_36b1e5edc2e035345d7b73d0,Копирайтинг и редакция текста,4
N_36c7714bf912484a47785e24,Переводы,3
N_36e561f226e73f00f8bbd280,Дизайн,0
N_36fa53f530ca89944028dcad,Дизайн,0
N_37918abd94fd20cc70093270,Переводы,1
N_3837582aec995e7e17b12e23,Строительство и ремонт,1
N_3856a697ff10af2d84ba511e,IT-разработка и цифровые сервисы,1
N_386441a1785c4eb4e2ad7f65,Копирайтинг и редакция текста,1
N_39098027b105c5308b096d52,IT-разработка и цифровые сервисы,4
N_3962b5d9706acfd196bf99a3,"Маркетинг (SMM, реклама, продвижение)",0
N_39e87085cf46cf7a8683be89,"Маркетинг (SMM, реклама, продвижение)",1
N_3a03bac678807f6049a2eddc,Дизайн,4
N_3a472a4057864dc30d43bceb,Юриспруденция,3
N_3a52b15839356799bf85ff66,IT-разработка и цифровые сервисы,3
N_3a6a07dc4711b64eb64214e7,IT-разработка и цифровые сервисы,2
N_3ac93f3ef2abca54e28e3a04,Переводы,4
N_3adb3fbd0631953c0e91348e,Копирайтинг и редакция текста,3
N_3adf394442b2d9e35407fb30,Юриспруденция,0
N_3bf627cd4fd5ae4f2d61c468,Юриспруденция,3
N_3c09a6eea9e74b4e0df1b97e,Копирайтинг и редакция текста,4
N_3c55a71845525ecfe7294566,Дизайн,4
N_3c7ba7c783b7fe79675642c2,Копирайтинг и редакция текста,2
N_3cb5f15dfd395f92f7bd0df6,Дизайн,0
N_3d79c559cf47457a22f92a1d,Копирайтинг и редакция текста,3
N_3d7f531ceb3fc91297262808,Копирайтинг и редакция текста,3
N_3de6d8dfc29e93a43bb9e93c,Юриспруденция,3
N_3df3afa4a1331583d37f8fa1,Дизайн,0
N_3e13f56fa0abbe718a0a6124,IT-разработка и цифровые сервисы,2
N_3ef749a12a103904c3b76e40,Дизайн,3
N_3f10613a3991067eba421df0,Юриспруденция,1
N_3f3543bbde92840c8fb92913,IT-разработка и цифровые сервисы,0
N_3f8d80dd63bceaaf5f12899a,Копирайтинг и редакция текста,1
N_3fe0d30d8c888845a570abd1,Юриспруденция,1
N_3fe7d8ad21bde892e6aab665,Дизайн,3
N_3ff899df6ab67eeecf97f2bb,Переводы,4
N_4000c9475af048cc1e215346,Дизайн,3
N_410439d3d1253f272c8ab57f,IT-разработка и цифровые сервисы,0
N_410a785bfa6101cc86c5eac4,Дизайн,3
N_4129e725bc1df272653218c3,IT-разработка и цифровые сервисы,1
N_41970a0e46cb068eaeea4b5d,IT-разработка и цифровые сервисы,4
N_41d8ff3677aa851c16ef6458,IT-разработка и цифровые сервисы,3
N_4213b16dafb6563a1635bcba,Дизайн,4
N_42276746c20c4432d9e63413,IT-разработка и цифровые сервисы,3
N_42c03862f93661bac215172f,Переводы,2
N_430db8eecc24c62c98e685cc,Копирайтинг и редакция текста,3
N_432cb62dbd663c2da606e319,IT-разработка и цифровые сервисы,2
N_4363c5f216e74d6f9c71b893,Дизайн,0
N_437607ade42d95e4516d3a52,Дизайн,4
N_443d59e1a8bd32a240617cbb,Дизайн,3
N_448a49493ee81caea7fb0b9e,Дизайн,0
N_44be9e261ba329ad05123bab,Копирайтинг и редакция текста,1
N_45f9b4a199eef47de877eeed,Дизайн,1
N_4683ce58e06f925613a70012,Дизайн,4
N_46c3bb4a7cb67db74dad0eb1,IT-разработка и цифровые сервисы,4
N_46df882e14c4dc1f1652aa2e,Строительство и ремонт,0
N_47154d40930f769c6bd09fe8,IT-разработка и цифровые сервисы,2
N_47555894064fb613ccdda4a5,IT-разработка и цифровые сервисы,0
N_49193728bc18636f1a22a89f,Дизайн,4
N_49209f50451ef8c25b2feeb8,Копирайтинг и редакция текста,1
N_4924aac48dca8a3e1dc01107,Копирайтинг и редакция текста,0
N_49a2e1540f63c99be05ddfe6,Копирайтинг и редакция текста,2
N_4a371f08815f6c625f0c6c2a,Копирайтинг и редакция текста,2
N_4a483325e48f6ccb67235bdc,Дизайн,4
N_4ae4ced3af3a6dfae03e877d,Копирайтинг и редакция текста,4
N_4b7d20f577b223e29f81fdd3,Дизайн,0
N_4c80503855c2c3494bda0408,"Маркетинг (SMM, реклама, продвижение)",2
N_4c85d59618a7c68bfa9d0efd,Юриспруденция,4
N_4d5bd207a52f90dfd5646b86,Дизайн,3
N_4db252eb39a6d38670743b21,IT-разработка и цифровые сервисы,3
N_4e2d20c51f57c4b4fceeaae8,"Маркетинг (SMM, реклама, продвижение)",0
N_4ee8f6a393b937049f94ae79,Копирайтинг и редакция текста,2
N_4f07f19a4236883877f89042,Копирайтинг и редакция текста,4
N_4f1d5c5860a9402075669de6,Юриспруденция,3
N_4f1fd8e5b4962b55d389dfc6,IT-разработка и цифровые сервисы,4
N_4f2fe03257ed3577e4606545,Дизайн,2
N_4f4e21244e17dfc2553881bb,IT-разработка и цифровые сервисы,4
N_4f74a67e8e3c88450280cbe4,Дизайн,3
N_4f773b9419ab5cee22c98775,Копирайтинг и редакция текста,4
N_4fe7d9d81b05e1e64c52eef9,Копирайтинг и редакция текста,1
N_512f79040478c00aee4bf266,Дизайн,0
N_514d07c5b6c8c12565ea5af5,Дизайн,0
N_528e49d693cb2d474a00b2c8,Копирайтинг и редакция текста,0
N_52c25d8da9e47fe774a61f35,Дизайн,1
N_52e8709e53893d33c39111b7,Дизайн,3
N_52e8df945bc2f1e1077e0981,Дизайн,4
N_53160840ab7cd24e5bec7d17,Строительство и ремонт,1
N_5362a85ca7fad410570b4cb1,Дизайн,0
N_5386cd5c47d6e8fc5796541a,Копирайтинг и редакция текста,3
N_53ab4ada75a5bd725e68bb96,Копирайтинг и редакция текста,1
N_53db50fc00e0882d4953ef81,Копирайтинг и редакция текста,4
N_54b20e921a59a6f6ae2f0f2f,Дизайн,4
N_5521f35fea0aa4208ad96abf,Дизайн,2
N_554d0db99c1ff925070217a8,"Маркетинг (SMM, реклама, продвижение)",4
N_55cce48a4b5ea5b52d81be38,Дизайн,3
N_561f252111ac54892259c22f,IT-разработка и цифровые сервисы,1
N_56269943c30c89a2d1adf25a,IT-разработка и цифровые сервисы,1
N_565b54a365e2adbd00622e4c,Дизайн,1
N_566e26ef2b1eb6bafc35ab38,Переводы,2
N_56724f7ec986e8a41926ae1e,Переводы,4
N_56a0fc234c54d9f70d1cf777,Копирайтинг и редакция текста,4
N_56b2daf6eed18167a4adf346,Копирайтинг и редакция текста,0
N_56e6eb449d9b77a649d4ae61,Переводы,0
N_5713950c324aee19abfea67d,Дизайн,1
N_5749966592a6bd08cfa787fb,Дизайн,3
N_574e7dd728f42ca0ce3e4eda,Копирайтинг и редакция текста,3
N_57eed4bbad22c1ef6a87d2c7,Переводы,0
N_58615dd00e4fc13c50eb07ba,Дизайн,3
N_58667cf8cfac6493438afc0a,Юриспруденция,4
N_5866928bc8d94844c2f9bbb9,Юриспруденция,2
N_58d26af5bcc0f8d00a677760,Копирайтинг и редакция текста,2
N_593122aa3c4f0df9582b70be,Дизайн,2
N_59350e2ffa29f052e15ed33e,Копирайтинг и редакция текста,2
N_59c8d5ca8f8e923a11a7501e,Юриспруденция,1
N_5a1d8301007547ef8148251c,Копирайтинг и редакция текста,1
N_5a7021e30c0f1dd38595ba59,Юриспруденция,3
N_5a921a4ae353e0b3c180c4e7,Дизайн,4
N_5aa6dfb48366fabd2efd2598,Строительство и ремонт,0
N_5af19cf95762cba0649f335b,IT-разработка и цифровые сервисы,0
N_5b1782b15839a7bd84888cce,Строительство и ремонт,2
N_5b1ecbf4a47bb1535439a275,Юриспруденция,4
N_5b31f2b9be96610436f044e1,"Маркетинг (SMM, реклама, продвижение)",2
N_5b5925912d98b2403d9147e4,Дизайн,1
N_5c79824ef02cdb4f077d68fe,Юриспруденция,0
N_5d431239ceb3695e16fc9524,"Маркетинг (SMM, реклама, продвижение)",4
N_5dee2a3827463d229812b8c6,Дизайн,0
N_5f0f8de6b27a90efff70d629,IT-разработка и цифровые сервисы,0
N_5f7ebd2952330f3fde21fd3c,Помощь на дому,3
N_5f949e37fb94f41ad51509c4,Дизайн,4
N_5f98eb3a8a4905a7b0d277aa,"Логистика, перевозки",3
N_60b04e0a0d8cf15688273654,IT-разработка и цифровые сервисы,2
N_6109f9229b6a28922d69468f,"Маркетинг (SMM, реклама, продвижение)",4
N_618ff1f6560f1c7104562794,Копирайтинг и редакция текста,0
N_6197b1c156d15c0d05ec3cff,Помощь на дому,3
N_623d031f24a48aa80537f768,Переводы,2
N_6267b19a3a93662b42487c8b,Копирайтинг и редакция текста,1
N_628a2fe12899ad20d120ce4a,Дизайн,2
N_6350fcd2e21b875398650b2e,Переводы,1
N_63524179583c9849737eeb56,Дизайн,1
N_641cb9edd43356bc5a1d6a11,"Маркетинг (SMM, реклама, продвижение)",2
N_6428ac285a6d51297d33bc75,Копирайтинг и редакция текста,3
N_6445a70c5f04cc2eff21e22e,Дизайн,3
N_6469a6cddf6d2e4e0679b5d1,Копирайтинг и редакция текста,2
N_6486d969ae80111d928c4c67,Дизайн,0
N_6594e386ae65bf2367ce4dac,IT-разработка и цифровые сервисы,0
N_65ea594b69823186075b6d0e,IT-разработка и цифровые сервисы,3
N_66436011fd1da8c2deced897,Юриспруденция,4
N_6643692d4066fb2d3897e417,"Маркетинг (SMM, реклама, продвижение)",1
N_6649738a93ce24509e898efa,Дизайн,2
N_66646771c98ef7873028bbeb,"Маркетинг (SMM, реклама, продвижение)",1
N_669f655b19d663b8a5e49b4e,Дизайн,1
N_66da682a0a3d2b093578bf28,Копирайтинг и редакция текста,0
N_66efe56d0a77301e386bf54e,Копирайтинг и редакция текста,4
N_67397028c430dfb945f9bd2f,Юриспруденция,3
N_67675c55e60275845a9d52c7,Дизайн,4
N_67a69175a0e104ba8ff77aca,Переводы,1
N_680f633bf4e967da11e007d6,Дизайн,4
N_6915bdb3df183fed8bbbe684,Строительство и ремонт,3
N_691e3afbbc4141b2edaca714,Дизайн,0
N_69617fe4a5ba2b929a885303,Строительство и ремонт,0
N_698e79301c473558e568b07c,Копирайтинг и редакция текста,4
N_6a7e7ff5e63650c0a8e59aa4,Копирайтинг и редакция текста,3
N_6aa6b8871c18130993271b09,"Маркетинг (SMM, реклама, продвижение)",4
N_6ad414af2b3681976f8b492b,Дизайн,1
N_6adddac7dc4c75332ce42d11,IT-разработка и цифровые сервисы,0
N_6afef6cbdcb6841726d1c165,Переводы,2
N_6b195d785e18486260554a48,"Фото и видеосъемка, монтаж",2
N_6b3218da2ab9c301e0856b0b,Копирайтинг и редакция текста,0
N_6b97401d1640b6ec504e5173,Строительство и ремонт,4
N_6bdd9168de9315497a75ee24,Дизайн,1
N_6bfb7b1207f06b16fb32da0d,Копирайтинг и редакция текста,4
N_6c549503a83f4ef37bb7bc7b,Юриспруденция,2
N_6de66545e3e795b7c67ee57a,Юриспруденция,2
N_6e18a179ae66b02301073127,"Маркетинг (SMM, реклама, продвижение)",1
N_6f3d6d517d749d38a3ec8b14,Копирайтинг и редакция текста,3
N_6ff050d85608f3449fdc5685,IT-разработка и цифровые сервисы,1
N_7016739a98537bded6b90a5b,Копирайтинг и редакция текста,3
N_70496a59d5fc5764d6c62a61,"Маркетинг (SMM, реклама, продвижение)",1
N_70715d02754701a0a5c06f57,Юриспруденция,1
N_70abe3167ddd2566f6ebae3c,Строительство и ремонт,3
N_70b8b58533a9ffa0a81d43c4,Дизайн,3
N_7107a11424e7d223c9d76676,Дизайн,2
N_714aeb76a2b129672d483ecd,Юриспруденция,4
N_71df7301ed30050c02556f5f,Юриспруденция,3
N_72201ae9317c2225f8da628d,IT-разработка и цифровые сервисы,0
N_727420bc38d9bdbf2ee666b7,Юриспруденция,4
N_72aa62f63d1e6c89632bd317,IT-разработка и цифровые сервисы,4
N_72cc8413cc96769ebfff1b30,Дизайн,2
N_72e710720127cf38a23951ca,IT-разработка и цифровые сервисы,3
N_74092277738ea4f6a690b91f,Дизайн,0
N_74b861facd7799c89ce6d9c7,Дизайн,2
N_74cf3abc1b8a998d0b8bb91f,Дизайн,0
N_74e036f235e80f67258073cd,Юриспруденция,4
N_74f464dc92cf0b23eb50258f,Переводы,4
N_7525f5c825ce7e1ec768601f,Копирайтинг и редакция текста,2
N_757ef7adbd33bf079636ae87,Копирайтинг и редакция текста,0
N_7581f8a1ef5ed9762bb2747d,Копирайтинг и редакция текста,2
N_75bdb51bb6e54ecc86accb53,Юриспруденция,2
N_75df9825bbf1bc7eaefa6ea2,"Фото и видеосъемка, монтаж",3
N_762faa0cf9b51230ab6b7765,IT-разработка и цифровые сервисы,3
N_767cde65720207b3a6e52495,"Маркетинг (SMM, реклама, продвижение)",0
N_7690b8ca4bccde189d4db3fe,Дизайн,1
N_76916b43f5d22ce129fbdc13,Дизайн,0
N_76de194bc98d3bbd331dd561,Дизайн,3
N_76f3a9393bd667e0d709b890,Дизайн,4
N_77aff832a375112246e951e0,Дизайн,0
N_77ebc809c64b8c45f4641f96,Копирайтинг и редакция текста,1
N_7808a59cdcec2536e7885ddb,"Маркетинг (SMM, реклама, продвижение)",2
N_783150a8b3070e8ed3ea85ea,Дизайн,1
N_79b8b143f4548353c36249cd,Дизайн,3
N_7a67623ca427490b1f1b393e,Копирайтинг и редакция текста,4
N_7b337cba661328c6e419adb7,Дизайн,4
N_7b50bfb1266952a66c1368c8,Дизайн,1
N_7b88edbbca6d35229123178d,Дизайн,2
N_7c78e76586c65611b20d369a,Переводы,3
N_7c859519f4ea82d07ec26792,"Маркетинг (SMM, реклама, продвижение)",0
N_7c8aecb18c58a9397f076ebd,"Маркетинг (SMM, реклама, продвижение)",4
N_7ce352b0636771486e0c09d6,"Маркетинг (SMM, реклама, продвижение)",3
N_7d3e725a4160d813ab382bed,"Маркетинг (SMM, реклама, продвижение)",2
N_7d4ed39589923503f993feea,Копирайтинг и редакция текста,1
N_7d5aac8a78b72706e4327599,Юриспруденция,1
N_7e222fd21376b83621fd57ce,IT-разработка и цифровые сервисы,1
N_7e3e0302fa042035e736a3ed,Копирайтинг и редакция текста,1
N_7e6e14e3dc53067cdcc797d8,Юриспруденция,0
N_7e7c3a8f48b4cfb9028fcc39,Дизайн,0
N_7f05cc1dbe0cfa08d68f35e9,Дизайн,2
N_7f1f22b6f6332ea9242f59f1,Копирайтинг и редакция текста,3
N_7f44b5a70ac846405f4d8316,Переводы,0
N_7f628abe281c81eae029f5bc,Копирайтинг и редакция текста,4
N_7f7f0b2d2c7e1bd70d825281,Юриспруденция,4
N_7fb11c3ca6eaecfe98a68492,"Фото и видеосъемка, монтаж",4
N_7fb6954415b7707688ca62e8,Копирайтинг и редакция текста,3
N_811ba0440099a7b9ea06069b,Дизайн,2
N_819274ac925fca2bc12c5392,Копирайтинг и редакция текста,4
N_823ee05b6beeb18cb803e6d3,Дизайн,3
N_826552e7104d36ce85b73b58,IT-разработка и цифровые сервисы,1
N_82c822cb44f3e10aaaa1fc5b,Юриспруденция,3
N_83356aa5cfc6da87345a74b7,Дизайн,1
N_83413b99c6503413ea4be5e7,Дизайн,4
N_834354184e066e84688168dc,Копирайтинг и редакция текста,4
N_83a86d510a7ba44e22eb3aa4,Копирайтинг и редакция текста,2
N_83be331109830131f678bdb7,Дизайн,0
N_8437a44146693e035059757e,Юриспруденция,4
N_84e6980244f793795d1a3a80,Дизайн,2
N_84e73bc075c7fd97d781cc8a,"Маркетинг (SMM, реклама, продвижение)",1
N_84eae9a339e8e6eba788a726,Дизайн,1
N_8672a63db666ca0b3a78b6fb,IT-разработка и цифровые сервисы,3
N_87586e55297f51744ad094a1,Копирайтинг и редакция текста,1
N_87738f8140b8fa8bc48840d1,Дизайн,1
N_87a5d4c9b06bcdaff978c238,Юриспруденция,0
N_87ac26c94a28a1ff912df44e,Помощь на дому,4
N_8802136da7e96b9d0d1ac28d,IT-разработка и цифровые сервисы,0
N_883d84a401aa9627c9ad6423,"Маркетинг (SMM, реклама, продвижение)",0
N_884f57aa0f27cb193481edf7,Юриспруденция,2
N_886fc53e704e1d6890d3bd7f,Дизайн,1
N_88709e16d09417ef90b01929,Дизайн,2
N_887413367ab316224e612afb,Переводы,2
N_8883e8cc2425086211d74d7d,Дизайн,0
N_88a639123cc812ea45effa41,Копирайтинг и редакция текста,3
N_88a7545ef1bb2554bfe808a7,"Маркетинг (SMM, реклама, продвижение)",3
N_8958b88191244b4f8509f422,Строительство и ремонт,3
N_897df110a2ccf3f76171c05d,Юриспруденция,1
N_89dcb4fe1291b5105a2ff20c,Дизайн,3
N_8a1421d164e7a7f3bbd5c787,Дизайн,2
N_8a16c7f4e04a628227f062b1,"Фото и видеосъемка, монтаж",2
N_8a18e3975f65ea94ba603e11,Дизайн,3
N_8ab8e0326846c2fd58dafcdb,IT-разработка и цифровые сервисы,4
N_8b0be13027ad3bbaf8a33f8f,Строительство и ремонт,2
N_8b4eb9151d905f991b461199,Копирайтинг и редакция текста,4
N_8b708bebf0e544de73cd5e80,Дизайн,3
N_8b79631b9cf58767555dc3eb,Юриспруденция,1
N_8b84f1c7db72c02916cde0fb,"Маркетинг (SMM, реклама, продвижение)",2
N_8bcb1eb0765df7c3cbf84c3e,"Фото и видеосъемка, монтаж",4
N_8bf2a883faf56098b8b0993d,Помощь на дому,1
N_8bf9d5afdb10df5384dc7b67,IT-разработка и цифровые сервисы,0
N_8c1b8aef8275edfafd4d886d,Юриспруденция,0
N_8c81639e547b836a0d54ed2d,"Маркетинг (SMM, реклама, продвижение)",4
N_8cd1e746b2447d6eb89f25cd,Помощь на дому,2
N_8cda0954cd24015c30f63af5,Дизайн,3
N_8ced7337827511844db87a73,IT-разработка и цифровые сервисы,2
N_8d68e16d3b8c78ad260b69fc,Дизайн,3
N_8d7e74dfb201fca1a3118ac4,"Маркетинг (SMM, реклама, продвижение)",2
N_8dd1ac39cd20c26974a7eacd,Дизайн,4
N_8e4408cc2d37b84ae84fb320,"Маркетинг (SMM, реклама, продвижение)",4
N_8e6319efea93d41bbda93126,Дизайн,3
N_8eb2a3c6bbbe527484ab21b0,Дизайн,3
N_8ed8e1ddc8080d81b674da05,Строительство и ремонт,0
N_8f3d3ed4ed6abcf65d2a41f2,Дизайн,3
N_8f825fca7d526282997ee7e8,IT-разработка и цифровые сервисы,0
N_8fb16dad3630003d3d77c4aa,IT-разработка и цифровые сервисы,2
N_8fb6a77e8c918b8a61e9f550,Копирайтинг и редакция текста,2
N_8ff5dd9680324ebe5493ed38,Дизайн,1
N_901e7c00e3146d7e9b3747b0,IT-разработка и цифровые сервисы,3
N_906624adbb34a0631f9a6495,"Маркетинг (SMM, реклама, продвижение)",3
N_90716f17982949982656ca5d,Дизайн,4
N_907321fbc97046f1616b6166,Дизайн,3
N_907f9dd36ab371e62927acea,"Маркетинг (SMM, реклама, продвижение)",0
N_90a45b87efe72fc9cc19a0f9,"Маркетинг (SMM, реклама, продвижение)",0
N_90e47302e9290b57ad07284f,"Фото и видеосъемка, монтаж",3
N_9120b6dfa3b33e9391944615,Строительство и ремонт,2
N_9154769dabb1da4e7468a9a6,Переводы,2
N_928ffbeb936e007868e02269,Дизайн,3
N_931ae8d363c3f03d2208b8c9,Копирайтинг и редакция текста,0
N_93808ab7f656da1a318b61c4,Дизайн,0
N_93ba09d7c19c760c868e93a4,"Маркетинг (SMM, реклама, продвижение)",1
N_93d41571c537789a3fab6fcc,Юриспруденция,2
N_9452ce9ec5f51efb858993e1,Юриспруденция,1
N_94607d2fbf0fead9b2e01f55,Дизайн,0
N_948964258c03106737b8a374,Дизайн,2
N_94c9639700cb224eec548325,Дизайн,4
N_95b089511aaf6550b0d8a134,Дизайн,2
N_96520fc8ba75133ab66965fe,Дизайн,4
N_9696806dd4bad427d3577149,Копирайтинг и редакция текста,0
N_96ba7fe1e95b15e5d4262ee9,Копирайтинг и редакция текста,3
N_97ac69196cbb69f7f34ff805,Копирайтинг и редакция текста,0
N_98a21ba9f530d9031da7beda,Юриспруденция,0
N_98b0e7770815c8fc7ed5ccc3,IT-разработка и цифровые сервисы,2
N_98d635007fb32fd7e5a51ba7,Дизайн,3
N_98e4f32e54c5f8adf110f057,IT-разработка и цифровые сервисы,4
N_98e9c79e69252ee4b72c673e,Строительство и ремонт,4
N_98ee56d5077caf27cf577a75,Копирайтинг и редакция текста,3
N_98fd24f095d3e719c77a79ec,IT-разработка и цифровые сервисы,2
N_991defaae9a7ef675db43f37,Переводы,1
N_99602653fdb374866fa1c4e0,IT-разработка и цифровые сервисы,0
N_997a5e9ffd5b984b49ac29b9,Переводы,3
N_9bfa3e411c6b4f626d898606,Копирайтинг и редакция текста,1
N_9c9ec091be99fbe8646e7eb6,Юриспруденция,1
N_9d028fd38e01243b02541dbf,Копирайтинг и редакция текста,0
N_9d46a663ab9435c61311e742,Копирайтинг и редакция текста,2
N_9d9174cac193603b27d6b3ea,Копирайтинг и редакция текста,0
N_9d98d1742f59b20abe674349,Дизайн,0
N_9db6fa950e60e9c9183df9ef,Дизайн,4
N_9dff63a8495bb391c388d921,Дизайн,3
N_9f19fccb820776c4dbc99aa1,"Маркетинг (SMM, реклама, продвижение)",4
N_a00829642e8ec3e95acb4219,Дизайн,4
N_a031039d37e7fe1ad77fc525,IT-разработка и цифровые сервисы,2
N_a0894f0946df28b2aa0870d9,Дизайн,0
N_a0f6b96a747e11538e157a9d,IT-разработка и цифровые сервисы,1
N_a132c53de19d20ea1a6cc10d,"Маркетинг (SMM, реклама, продвижение)",0
N_a1ef39c75065b5e173493ad8,Дизайн,1
N_a25a991303a89caf6c51488b,Дизайн,1
N_a28328e5058309537b116e06,Дизайн,4
N_a283a324c850475e7012eff5,Дизайн,3
N_a29f93549de9dcaf97f6be75,IT-разработка и цифровые сервисы,4
N_a2d1ef7bad385661de212c34,Юриспруденция,0
N_a3758621758aab82ba3bf7f3,Дизайн,0
N_a4b10ed2340fd409ca70d37f,Дизайн,2
N_a4b4d02108b64fbaeb2e344b,Дизайн,1
N_a564fe91f4b6c8d17834aa4f,"Логистика, перевозки",4
N_a5fb00988e6c20b7cc8d3a0e,Дизайн,2
N_a640641f0fd81c14a566a362,Дизайн,4
N_a6bd531b04bd3d6e16c1664d,Строительство и ремонт,0
N_a6dde3ebed5d4d3758802d70,Дизайн,0
N_a6e546de19dc6b0ef156e5fc,Копирайтинг и редакция текста,4
N_a6fda2ac076d6ca7aa00a0de,Дизайн,0
N_a75b4889ed74a9a1523f96c5,Юриспруденция,2
N_a76f2d2cc8f5386c9b1fb809,Копирайтинг и редакция текста,4
N_a800a4d724543a9f2a592eb6,Юриспруденция,0
N_a8140dc9cf0b5ea08ba62a03,Переводы,1
N_a8497bf7b7a36a058f5bbd46,IT-разработка и цифровые сервисы,3
N_a86da194c63c881fe6393b93,Копирайтинг и редакция текста,3
N_a889a6dc41f6e46f12aa99ab,IT-разработка и цифровые сервисы,4
N_a8bda74cc041a179bdccff66,Копирайтинг и редакция текста,1
N_a8f78fb052115593a6fb442b,Юриспруденция,3
N_a90e3461b2a99680407e4e4c,Копирайтинг и редакция текста,4
N_a97c1a63759e4b37a321feeb,"Маркетинг (SMM, реклама, продвижение)",1
N_a9c9b83aa88ddce7879238a3,Дизайн,4
N_aa570c3c88bcca3d9581a381,IT-разработка и цифровые сервисы,4
N_aa7d72a47ac65a50f29d7264,Дизайн,2
N_aa8ab9f14fbd6947d5a2d917,Юриспруденция,0
N_aac55d601e8d01cda0e70573,Юриспруденция,4
N_ab6e9b050f9cdac47aef939a,Дизайн,4
N_abed26f0283ed4d2d210bcb7,Строительство и ремонт,1
N_ac01447765f87e4ad94687dd,Копирайтинг и редакция текста,2
N_acc1d0471a31c2829d6b9eaf,Дизайн,2
N_acc2ec6c5e8fe15776a535ac,Дизайн,0
N_acd35e40a12662dd950ddfb4,Юриспруденция,3
N_ad7d1d47938b622390e84370,Юриспруденция,3
N_aed26649e2563e2f02d38769,Дизайн,4
N_aed5a48a80a948434122c418,Юриспруденция,2
N_af1579cb951cf06771bff65d,Дизайн,1
N_af1f5c85dd56305d6e5fe658,IT-разработка и цифровые сервисы,2
N_af44c939a301a03916c18381,Юриспруденция,0
N_b00d56f91a737946638bf61f,Дизайн,2
N_b0137a80dcfbb0bc488413db,Дизайн,0
N_b04302bd0e4c7c66e9a2362c,IT-разработка и цифровые сервисы,3
N_b096e0b8ebc90c69b2d74d5f,Дизайн,2
N_b0fa856db3c122b7587855d8,Юриспруденция,3
N_b1147dc0153b7ba04d39d3fc,Юриспруденция,0
N_b11625c37466001fd447fa54,Юриспруденция,2
N_b11c9369832f4532c262dcfb,Дизайн,0
N_b14172b4649ed6eb9b3d6a9c,Юриспруденция,3
N_b1fb6730539fdf8644d00098,IT-разработка и цифровые сервисы,1
N_b1fe4d5a10ad4d2b2cd6c950,Дизайн,3
N_b243356573ca5d214635253f,Копирайтинг и редакция текста,4
N_b321954c753c0d8bfe3cb68d,"Маркетинг (SMM, реклама, продвижение)",3
N_b41d5e55654c07fa76d6161b,Копирайтинг и редакция текста,1
N_b432eedb688ba4b9d1102a1c,Переводы,4
N_b44234ee1340289bafc414e5,IT-разработка и цифровые сервисы,4
N_b44a21cfbf0941cacd4402e7,Юриспруденция,2
N_b497570ed2ccd6fc153a2148,Дизайн,0
N_b49d016f5779586585730e21,"Маркетинг (SMM, реклама, продвижение)",2
N_b4a8f571007a0055c12023e9,Копирайтинг и редакция текста,1
N_b4d5c47cb43a4e89394e6888,Копирайтинг и редакция текста,3
N_b52129fd53c55403fb141119,IT-разработка и цифровые сервисы,2
N_b5b1b5966c8f353f3fb91f18,Дизайн,1
N_b5dd75283a5c0bd65fd65f30,IT-разработка и цифровые сервисы,4
N_b5f584729adb5d1b306197a8,Дизайн,2
N_b60fd7d2ead97594ed37443b,Копирайтинг и редакция текста,0
N_b61627bad67230ea00ee0e6d,IT-разработка и цифровые сервисы,3
N_b645bf7b81213a92996945aa,Копирайтинг и редакция текста,1
N_b78f64d54be64004611576c3,Дизайн,0
N_b7966b39a89f119f38816017,Копирайтинг и редакция текста,2
N_b7ee58b0dd6f8fe402dd4ce0,Дизайн,2
N_b803a4b40e465c225a3808fc,Дизайн,1
N_b80ff95f0c3f2d71afb97915,Копирайтинг и редакция текста,0
N_b8bc2e5a972912ee53653857,Копирайтинг и редакция текста,3
N_b8f9f29df9fe1ca227ecefa3,Дизайн,4
N_b922d8e196df2931eb587b6d,"Маркетинг (SMM, реклама, продвижение)",2
N_b92d4ba80075f2411925ffc9,"Маркетинг (SMM, реклама, продвижение)",0
N_b98deacbde808de6c7e107e4,Дизайн,4
N_b9dd2104b8a80ccded4e4399,Копирайтинг и редакция текста,3
N_bb19791bde23a44aa62e058f,Копирайтинг и редакция текста,3
N_bb5e6d2becd8677fb865bc46,Дизайн,4
N_bb88188afd155eae22e2787e,Копирайтинг и редакция текста,0
N_bbc5eb7d47688b4132a0ce00,IT-разработка и цифровые сервисы,0
N_bbf01f281e0820329acf95fa,IT-разработка и цифровые сервисы,2
N_bc2cbb011c4ab30aa6ce3742,"Маркетинг (SMM, реклама, продвижение)",1
N_bc421931ae6ce0fa16b443dc,IT-разработка и цифровые сервисы,1
N_bc51e80072ffcc34a3511e4e,Переводы,3
N_bc611eb93a72deda2ed1763a,Юриспруденция,2
N_bcf7320c0d6f77229cb5ebdf,Копирайтинг и редакция текста,4
N_be0f5f661212755bd8e483a5,IT-разработка и цифровые сервисы,0
N_be301579fb8c9f3f4dc20442,Дизайн,1
N_be63b6db5d455fde5a9d0835,IT-разработка и цифровые сервисы,3
N_bec75410682ab66cfdb6cfa3,"Логистика, перевозки",0
N_bef5638dcc0ab179f398bb61,Дизайн,1
N_bf114506b546a1a446bb377c,"Маркетинг (SMM, реклама, продвижение)",1
N_bf49da9ea5cb59928fbb26ce,IT-разработка и цифровые сервисы,1
N_bf87c824a2e55092991873eb,Дизайн,1
N_bf9656a85552afa6f08b0749,Дизайн,1
N_c094ba1c2141e6e8e177b4e8,Юриспруденция,1
N_c0d569f8212ae2107ed72c37,Дизайн,4
N_c1095db87a45d790d23b2f0e,Копирайтинг и редакция текста,1
N_c113e82914239fc535660d44,IT-разработка и цифровые сервисы,2
N_c11b1f80d2f9e64aaca60a0d,Строительство и ремонт,2
N_c282ccde1b46ab69576c5a9f,Дизайн,0
N_c2924066e653b7292cfb4c39,Дизайн,3
N_c2d763b34523fc8532b0fe02,Помощь на дому,4
N_c2ea477dc46362d1815b4351,Дизайн,4
N_c39dba54c7c8e2d35424296d,Дизайн,4
N_c43325f67ac81335940ae959,Дизайн,1
N_c433b42838e5feb9166f9012,Помощь на дому,1
N_c4346e7c14608b99723deaaa,Дизайн,4
N_c43769d03fcfbd00c2639bce,IT-разработка и цифровые сервисы,0
N_c4a542ddeb085ade6c8fdc8e,Копирайтинг и редакция текста,0
N_c4b906d8cf0885d3a3d04397,IT-разработка и цифровые сервисы,3
N_c4bbd1eb20fe50e6366b6032,"Маркетинг (SMM, реклама, продвижение)",2
N_c4d84ce59acadfa3942b7db5,Дизайн,1
N_c53e7b468af72d9212d2dea1,Дизайн,2
N_c5a07232d8bb74385bcef1a3,Копирайтинг и редакция текста,4
N_c5d7f6d272b31fc44a5becd5,Дизайн,2
N_c5f40adbf861e68605129f48,"Маркетинг (SMM, реклама, продвижение)",4
N_c611aea5110debcbb05449ba,Дизайн,3
N_c6223d6975644fb44144a1c4,IT-разработка и цифровые сервисы,0
N_c65854f497b578f5fc030518,Переводы,3
N_c68fb1182d9a16cd40ccd8e1,Помощь на дому,2
N_c6e3749427e3440b2798adc6,Переводы,4
N_c7206938f201716e0298dd01,Дизайн,3
N_c73a75cb6c1c642d13bbb94b,Дизайн,3
N_c789bc9d423e6cfd3917ad53,Копирайтинг и редакция текста,0
N_c7cc167016b654ace83c775d,Дизайн,3
N_c837f6a4964a775ff427bf06,Переводы,0
N_c986abeca0632ed01a8c21d2,Юриспруденция,3
N_c9b1ca1ee5a9112cb2bdf523,Копирайтинг и редакция текста,0
N_ca032fa879ecd538d564aae0,Юриспруденция,4
N_ca07a7b4570089b410014cb1,Дизайн,4
N_ca2b2e8c807c110d20666c35,IT-разработка и цифровые сервисы,4
N_ca7a532676637d9f41b7defc,Дизайн,1
N_ca87bdd49cc7465e54e5ca7a,IT-разработка и цифровые сервисы,4
N_cad3ff96088efc495ba7c299,Юриспруденция,2
N_caf91dec14b6359e912cd95d,Копирайтинг и редакция текста,3
N_cb15bb7b25352a091b5e7f3e,"Маркетинг (SMM, реклама, продвижение)",3
N_cb30f8e9828093210729b867,Дизайн,2
N_cb3d84b40cac1696ce7b10d5,Копирайтинг и редакция текста,0
N_cb5f7a2c4a1b9a4de3f847ce,IT-разработка и цифровые сервисы,1
N_cbeeed343ad90914d87cec53,Юриспруденция,2
N_cc00d24f2e6e1f2b6fbdb0a4,"Фото и видеосъемка, монтаж",4
N_cc16bf36c0fae257f6e78b10,IT-разработка и цифровые сервисы,1
N_cd36196a9deb32e208a175a5,Копирайтинг и редакция текста,2
N_cd4e516fa4cab0585b447f7d,Копирайтинг и редакция текста,2
N_cdd311da276be520fa9e3993,Копирайтинг и редакция текста,4
N_cde4dd8f72205114b11702ee,IT-разработка и цифровые сервисы,1
N_ce1ed5231c99d176b602ed37,Дизайн,4
N_ce5ebebc527b69f3d60961e9,Дизайн,0
N_ce7979c9de4449bbbc955a9b,IT-разработка и цифровые сервисы,3
N_cead4bc17a52f21ccf76ed9b,Дизайн,1
N_cec633755f58e53792054206,Дизайн,2
N_cf2529fa4147cb9225b74ee6,"Маркетинг (SMM, реклама, продвижение)",0
N_cf2c122a5c2dff0e31b3a313,"Фото и видеосъемка, монтаж",2
N_cf9d0a0444bcb1a0a641fff5,Переводы,1
N_cf9ec46762739d2fc1de9098,Помощь на дому,4
N_cfba65b247e1162b9e4ccc97,Копирайтинг и редакция текста,3
N_d00675fe3a20e427898c31d6,IT-разработка и цифровые сервисы,4
N_d03921392e5f29b947a869eb,IT-разработка и цифровые сервисы,1
N_d057bb7aed0d800c004916f0,Копирайтинг и редакция текста,0
N_d0af39639fe41652bb6b006d,IT-разработка и цифровые сервисы,0
N_d0ca16d345e1415e4f1b04d5,Копирайтинг и редакция текста,4
N_d0e3fe9e7157a2fc7b852a1f,Дизайн,1
N_d12b39fb7117a60a1f60cf4a,"Маркетинг (SMM, реклама, продвижение)",3
N_d16570f2e04431d3d73ad53c,Дизайн,1
N_d1922b9b534fcade0f61e43f,Дизайн,2
N_d1be44a933175744fda5e4f6,Копирайтинг и редакция текста,0
N_d207f842a523ec49ea9e1f3a,Дизайн,3
N_d21a68858401558f3fb97b9e,Дизайн,1
N_d27732417cfc2e07e607b51a,Дизайн,1
N_d2b2b16a93f12202b5ba9d9a,IT-разработка и цифровые сервисы,0
N_d2fb0a9395b766e443eaede6,Дизайн,1
N_d344550f9b4f8f68a82c13fa,Дизайн,0
N_d35bcda51be55223afbe45ff,Дизайн,2
N_d47f65972848e5b1be88ab5d,Дизайн,2
N_d4d16194eb8c7589b0c94af5,Дизайн,4
N_d4ee321c67339f2fd3681716,IT-разработка и цифровые сервисы,0
N_d54250987047fc6de28066b0,"Логистика, перевозки",4
N_d54c3bc52ce37f36b442428c,"Маркетинг (SMM, реклама, продвижение)",4
N_d559bb4304d802a44db9909d,Дизайн,2
N_d5f5814f4a531f5530ce308d,Дизайн,3
N_d5fd3a9d7c512f9cd5715490,IT-разработка и цифровые сервисы,1
N_d66f29802a57e4d4dcea8abc,Дизайн,4
N_d6a432c5cae3d89b1761d429,Юриспруденция,1
N_d6fc0789a91ec894b81f3690,Дизайн,2
N_d701384f67e80aca9282dfac,Копирайтинг и редакция текста,0
N_d7b293dde3307f437cd86295,Дизайн,0
N_d81c245dd6d33021c7ea1aaf,Дизайн,0
N_d8223f262b07e57643f7910f,Строительство и ремонт,4
N_d834d0253f928133100e517f,Дизайн,2
N_d89d61af9cf51c393044b491,Переводы,1
N_d8b740b5e65c38169b9bb5d7,"Логистика, перевозки",2
N_d952c0af43f216d74dfe710d,"Фото и видеосъемка, монтаж",1
N_d96a2851ffa8d6fc5b600d86,Дизайн,4
N_d99c5917c49a05a2d27715f9,Юриспруденция,2
N_da24c7e6431426f508385a04,Дизайн,2
N_da916d4bfa07872e622e25bc,Дизайн,0
N_dae7f00c89e01e11dc0a0f50,Дизайн,0
N_db1418b2ee3bb0f8168c61b9,"Маркетинг (SMM, реклама, продвижение)",4
N_db174e0bcf5217726586e932,Дизайн,1
N_db4c1683cb4bb4fe6ff118dc,Копирайтинг и редакция текста,3
N_dc05b1533a6cf9ef1811c5e7,Дизайн,1
N_dc97cc4562dda7104602d852,Дизайн,2
N_dcc952bf69d7854a4e74efc1,IT-разработка и цифровые сервисы,1
N_dcfb48e85dc9ad07d8698117,Дизайн,1
N_ddb4011347a524bdf3516c5d,IT-разработка и цифровые сервисы,2
N_ddbbda617ddff11c756799bc,Юриспруденция,2
N_ddd190ebd611b20b26f28927,Дизайн,4
N_de633b156b956ef11b866962,Дизайн,1
N_de6b9ecd296ed58771eb438d,IT-разработка и цифровые сервисы,0
N_de97a0082111c7d7cf4301a8,Строительство и ремонт,1
N_df2f5feb1936d71cc6ba8a2a,Копирайтинг и редакция текста,0
N_df8f6ac5a773695498392013,Юриспруденция,0
N_e00022a56b28ab15a1839579,IT-разработка и цифровые сервисы,4
N_e073aa3512a559cf1792d0d2,Дизайн,1
N_e12e2217759484e433476e7b,IT-разработка и цифровые сервисы,1
N_e178210d90056ca52c584bf6,"Маркетинг (SMM, реклама, продвижение)",4
N_e1a9ce19542c8c46177ddbc8,Дизайн,0
N_e1ca479fe5ec272a1c36df93,Дизайн,1
N_e21084fe360a7dd82650567b,Дизайн,0
N_e23c15666393a83e532d542b,Копирайтинг и редакция текста,0
N_e23e7a4c4bac821a6a54078c,Помощь на дому,0
N_e27d2df16983388a39817832,Юриспруденция,2
N_e2cac23a1842c69b59e0c7b5,Юриспруденция,1
N_e2f1252642fa712a1a1b8643,IT-разработка и цифровые сервисы,1
N_e37b4faae9aa97e260d11c1b,Копирайтинг и редакция текста,2
N_e39bcdd233601078ab689067,IT-разработка и цифровые сервисы,3
N_e3babec7918747a79469ef5d,Строительство и ремонт,4
N_e3e2b1136d92c1b60c64c353,Дизайн,3
N_e412da003a4239d6ae5efe0f,Юриспруденция,4
N_e43b44637d2358c9a852951a,Копирайтинг и редакция текста,2
N_e471919c577c59e75d6dde16,Дизайн,0
N_e4f12fbf6637defdbdfc1166,IT-разработка и цифровые сервисы,3
N_e54a5d182fb42710c2f7ba08,Дизайн,2
N_e583de3dd7d385dad3c3a96f,"Маркетинг (SMM, реклама, продвижение)",3
N_e5934e833a0fc3befd1e5db1,Дизайн,3
N_e59fd4d37a91be761fb9808a,Юриспруденция,0
N_e5bf1c828baed285f4ff01a5,Дизайн,1
N_e5d1902fa89e1c37ace011bb,IT-разработка и цифровые сервисы,1
N_e5dba050fc659ab2254b39e5,Юриспруденция,0
N_e6339d39d5dc4b2d735ae0c5,Дизайн,0
N_e68ee06bbade0b630662f35a,Дизайн,2
N_e76228de58763f7927f1f5de,Дизайн,1
N_e78666e6d46cfb844eceab6b,Строительство и ремонт,1
N_e7d8a9345e9f8b29ca87ddaf,Копирайтинг и редакция текста,0
N_e7f3fe0df74fc2a9bb3285a2,Дизайн,2
N_e7f697db0ef2fcb526131578,IT-разработка и цифровые сервисы,0
N_e7fa4c21a85dc28556d31ec5,"Маркетинг (SMM, реклама, продвижение)",1
N_e825481477f65b8e0d4f1747,Копирайтинг и редакция текста,4
N_e83f4443c0bfc00e391bb0e9,Копирайтинг и редакция текста,0
N_e89446ee441f2f8718d54a0f,Дизайн,1
N_e8bb6e6b133a9bb3d048c77e,Помощь на дому,1
N_e8e6d8ae3088f124b7003256,"Фото и видеосъемка, монтаж",3
N_e91fa881034ad92294dd43bb,Копирайтинг и редакция текста,1
N_e99070687f969ebdf6301c61,Дизайн,1
N_ea507ab54c1ba1fa77aab034,Строительство и ремонт,2
N_ea571b5d19f6fba34442b97b,Копирайтинг и редакция текста,3
N_eac1992cf862c25256aca18c,Переводы,0
N_eacb86fa10b3e6f7ace37821,Дизайн,2
N_eb4bc545815fb7d47cfb8c19,Дизайн,0
N_ebe790cf0a5c2728d999cdb8,Юриспруденция,3
N_ec45d8072fd48433277a17b0,Дизайн,3
N_ec93411457db8982b163b629,Помощь на дому,1
N_ecd68b8dbdbe50236caaa9e0,"Маркетинг (SMM, реклама, продвижение)",3
N_ecdd64d9295bf30b5af347b4,Дизайн,1
N_ecfe354e7eb6ba2cc9899d78,Дизайн,2
N_ed2a6e44f0cfcdcf207cba97,IT-разработка и цифровые сервисы,2
N_ed741ebc4dc2c44590df2cba,Дизайн,2
N_edb7025bfddc9fa62bb80c8c,"Маркетинг (SMM, реклама, продвижение)",3
N_edf9d9de86d9d65a6d5aa629,Дизайн,1
N_ee3b17dedee7e69070e1a129,Юриспруденция,2
N_ee45acd4959480740f0a27e1,Юриспруденция,1
N_ee8d9e1c96863cdd1379b50f,Переводы,0
N_ef00e002750549b41ae69710,"Маркетинг (SMM, реклама, продвижение)",3
N_ef1097c079ddea9cb28dc04b,IT-разработка и цифровые сервисы,1
N_ef271dcc026b7c877fa44cc5,Копирайтинг и редакция текста,2
N_ef73c8567afa40d9dc7169c1,Копирайтинг и редакция текста,1
N_ef96964d584d071a24f4e3e2,IT-разработка и цифровые сервисы,4
N_eff704fe4cba48652f9eac86,Копирайтинг и редакция текста,3
N_f036bee68785a3a9cbd79269,"Логистика, перевозки",0
N_f084052ada5911e18c7c8791,Дизайн,1
N_f08969ef79bfca47dad6b8fe,"Маркетинг (SMM, реклама, продвижение)",0
N_f09a2c476cd222b127659543,Дизайн,0
N_f140830262292f22a921eb60,Дизайн,4
N_f1c98e1ccb1ba8fcdac916ab,Помощь на дому,0
N_f2365df8c9e0e164bcfe642f,Дизайн,1
N_f2814b07a5f0fb9e45108bb0,"Маркетинг (SMM, реклама, продвижение)",4
N_f2a1dc8a0580f0f2ffa9f808,Дизайн,0
N_f301746ed6f57243a972d695,Строительство и ремонт,3
N_f42a9d929a5160188822eeb1,Дизайн,0
N_f46fe1b565bd7355672500e2,Юриспруденция,1
N_f485865f4fffdfb546b7dcd9,Дизайн,4
N_f49c78f3b27ae6de250373aa,Юриспруденция,2
N_f4b7dce94ecdc9d50379b3af,"Маркетинг (SMM, реклама, продвижение)",2
N_f4bc9f0c11d3b2b89b95fe4a,Дизайн,2
N_f4daa72de57059222dbaf24b,Копирайтинг и редакция текста,2
N_f548047e6e321eafa8f54286,Дизайн,0
N_f56814d60f28409ce77c91e3,Помощь на дому,3
N_f602a8c9cc48340edd54bb8e,"Логистика, перевозки",1
N_f6fd32ea88440a9b00852563,IT-разработка и цифровые сервисы,3
N_f736b2786a4ba70e69b82c54,Дизайн,4
N_f76e0649dc9ebf84bdd494a9,Дизайн,2
N_f772c7110ea8dd9cd46caf39,Копирайтинг и редакция текста,1
N_f77f81216751d5dc5a443ea2,Юриспруденция,1
N_f7ab27129509b6ae348b1482,"Маркетинг (SMM, реклама, продвижение)",0
N_f81739eead658a37ccdfbd4d,Дизайн,2
N_f8865b66aaea796680aa32f9,Дизайн,2
N_f9368eab3e465b4371dfd009,Копирайтинг и редакция текста,2
N_f94e81d7cdc0019e8238aa03,Копирайтинг и редакция текста,2
N_f9c90cb828072571f590c182,Дизайн,3
N_f9f593570a72b87ca7a74dca,Юриспруденция,2
N_fa7f77e905a0c0a9d74d7ba3,Дизайн,1
N_fab27b26823761ffa3a95dbc,Строительство и ремонт,1
N_fad0afa68525f0c4285066b1,IT-разработка и цифровые сервисы,4
N_fb2a2bb88f422e802bd7ed64,Дизайн,3
N_fbb6d17fa872859bebbb770e,"Логистика, перевозки",1
N_fbc7275b02f309c46890ba7c,Дизайн,3
N_fbd5610076cba3a25757395f,Переводы,0
N_fc0a434fed830f3eb056deda,Юриспруденция,1
N_fc1cc9755f3093dd9b98f3a3,IT-разработка и цифровые сервисы,4
N_fc2a9c18b8826ecec3aef840,Дизайн,0
N_fd237cc8328f26e9fc117215,Дизайн,4
N_fd3675c74842cde1e89512a9,Дизайн,3
N_fd830ff75e6f3cbdbc84fa37,"Маркетинг (SMM, реклама, продвижение)",2
N_fe40da7ff4a9a9cb028a3dc6,Копирайтинг и редакция текста,1
N_fe9d66806b32460fcda7420f,IT-разработка и цифровые сервисы,0
N_fec51fd020db780cdf1eff54,Дизайн,1
N_ff0e3492d6a9b97415b4f31a,"Фото и видеосъемка, монтаж",0
N_ff2343aba53f125c3e38b50f,Копирайтинг и редакция текста,1
N_ff37ec3820a661babc5e9a30,IT-разработка и цифровые сервисы,0
N_ff89e8a09fe932f158a883ca,Дизайн,3
N_ff8d2d0f7e70ad01b2108fee,"Маркетинг (SMM, реклама, продвижение)",0
N_ffaaa8db28027b900464221d,Помощь на дому,0
N_ffe34966e9ba773714bb4e0a,Дизайн,0
